day,timestamp,product,bid_price_1,bid_volume_1,bid_price_2,bid_volume_2,bid_price_3,bid_volume_3,ask_price_1,ask_volume_1,ask_price_2,ask_volume_2,ask_price_3,ask_volume_3,mid_price,profit_and_loss,avg_price
2,0,STARFRUIT,5023,1,5022.0,27.0,0.0,0.0,5029,27,0.0,0.0,0.0,0.0,5026.0,0.0,5025.454545454545
2,100,STARFRUIT,5027,11,5023.0,3.0,5022.0,30.0,5029,30,0.0,0.0,0.0,0.0,5028.0,0.0,5025.621621621622
2,200,STARFRUIT,5021,20,0.0,0.0,0.0,0.0,5028,20,0.0,0.0,0.0,0.0,5024.5,0.0,5024.5
2,300,STARFRUIT,5022,21,0.0,0.0,0.0,0.0,5029,21,0.0,0.0,0.0,0.0,5025.5,0.0,5025.5
2,400,STARFRUIT,5022,8,5021.0,30.0,0.0,0.0,5028,30,0.0,0.0,0.0,0.0,5025.0,0.0,5024.205882352941
2,500,STARFRUIT,5025,6,5023.0,7.0,5022.0,22.0,5029,22,0.0,0.0,0.0,0.0,5027.0,0.0,5025.140350877193
2,600,STARFRUIT,5022,29,0.0,0.0,0.0,0.0,5029,29,0.0,0.0,0.0,0.0,5025.5,0.0,5025.5
2,700,STARFRUIT,5025,4,5022.0,30.0,0.0,0.0,5029,30,0.0,0.0,0.0,0.0,5027.0,0.0,5025.46875
2,800,STARFRUIT,5022,28,0.0,0.0,0.0,0.0,5023,1,5028.0,1.0,5029.0,27.0,5022.5,0.0,5025.438596491228
2,900,STARFRUIT,5022,1,5021.0,24.0,0.0,0.0,5028,25,0.0,0.0,0.0,0.0,5025.0,0.0,5024.52
2,1000,STARFRUIT,5021,22,0.0,0.0,0.0,0.0,5028,22,0.0,0.0,0.0,0.0,5024.5,0.0,5024.5
2,1100,STARFRUIT,5022,27,0.0,0.0,0.0,0.0,5027,4,5028.0,1.0,5029.0,26.0,5024.5,0.0,5025.586206896552
2,1200,STARFRUIT,5022,24,0.0,0.0,0.0,0.0,5028,2,5029.0,22.0,0.0,0.0,5025.0,0.0,5025.458333333333
2,1300,STARFRUIT,5021,31,0.0,0.0,0.0,0.0,5022,1,5028.0,31.0,0.0,0.0,5021.5,0.0,5024.460317460317
2,1400,STARFRUIT,5022,24,0.0,0.0,0.0,0.0,5023,2,5029.0,24.0,0.0,0.0,5022.5,0.0,5025.4
2,1500,STARFRUIT,5022,20,0.0,0.0,0.0,0.0,5028,1,5029.0,20.0,0.0,0.0,5025.0,0.0,5025.5609756097565
2,1600,STARFRUIT,5022,28,0.0,0.0,0.0,0.0,5029,28,0.0,0.0,0.0,0.0,5025.5,0.0,5025.5
2,1700,STARFRUIT,5022,25,0.0,0.0,0.0,0.0,5029,25,0.0,0.0,0.0,0.0,5025.5,0.0,5025.5
2,1800,STARFRUIT,5026,5,5022.0,28.0,0.0,0.0,5027,3,5029.0,28.0,0.0,0.0,5026.5,0.0,5025.609375
2,1900,STARFRUIT,5022,28,0.0,0.0,0.0,0.0,5029,28,0.0,0.0,0.0,0.0,5025.5,0.0,5025.5
2,2000,STARFRUIT,5022,30,0.0,0.0,0.0,0.0,5029,30,0.0,0.0,0.0,0.0,5025.5,0.0,5025.5
2,2100,STARFRUIT,5021,29,0.0,0.0,0.0,0.0,5028,29,0.0,0.0,0.0,0.0,5024.5,0.0,5024.5
2,2200,STARFRUIT,5022,29,0.0,0.0,0.0,0.0,5029,29,0.0,0.0,0.0,0.0,5025.5,0.0,5025.5
2,2300,STARFRUIT,5022,22,0.0,0.0,0.0,0.0,5029,22,0.0,0.0,0.0,0.0,5025.5,0.0,5025.5
2,2400,STARFRUIT,5022,1,5021.0,24.0,0.0,0.0,5028,1,5029.0,24.0,0.0,0.0,5025.0,0.0,5025.0
2,2500,STARFRUIT,5022,3,5021.0,28.0,0.0,0.0,5028,29,0.0,0.0,0.0,0.0,5025.0,0.0,5024.433333333333
2,2600,STARFRUIT,5022,23,0.0,0.0,0.0,0.0,5027,7,5028.0,2.0,5029.0,22.0,5024.5,0.0,5025.722222222223
2,2700,STARFRUIT,5023,2,5022.0,28.0,0.0,0.0,5028,2,5029.0,26.0,0.0,0.0,5025.5,0.0,5025.379310344828
2,2800,STARFRUIT,5023,2,5022.0,30.0,0.0,0.0,5029,2,5030.0,30.0,0.0,0.0,5026.0,0.0,5026.0
2,2900,STARFRUIT,5023,31,0.0,0.0,0.0,0.0,5030,31,0.0,0.0,0.0,0.0,5026.5,0.0,5026.5
2,3000,STARFRUIT,5023,30,0.0,0.0,0.0,0.0,5030,31,0.0,0.0,0.0,0.0,5026.5,0.0,5026.55737704918
2,3100,STARFRUIT,5024,4,5023.0,28.0,0.0,0.0,5029,2,5030.0,26.0,0.0,0.0,5026.5,0.0,5026.3
2,3200,STARFRUIT,5023,23,0.0,0.0,0.0,0.0,5024,5,5030.0,23.0,0.0,0.0,5023.5,0.0,5026.254901960784
2,3300,STARFRUIT,5028,1,5023.0,27.0,0.0,0.0,5030,27,0.0,0.0,0.0,0.0,5029.0,0.0,5026.527272727273
2,3400,STARFRUIT,5023,7,5022.0,27.0,0.0,0.0,5029,27,0.0,0.0,0.0,0.0,5026.0,2.3310546875,5025.213114754099
2,3500,STARFRUIT,5022,29,0.0,0.0,0.0,0.0,5027,3,5029.0,29.0,0.0,0.0,5024.5,2.4326171875,5025.573770491803
2,3600,STARFRUIT,5022,25,0.0,0.0,0.0,0.0,5027,3,5029.0,25.0,0.0,0.0,5024.5,2.9130859375,5025.584905660377
2,3700,STARFRUIT,5022,2,5021.0,20.0,0.0,0.0,5028,20,0.0,0.0,0.0,0.0,5025.0,3.25146484375,5024.380952380952
2,3800,STARFRUIT,5021,24,0.0,0.0,0.0,0.0,5028,24,0.0,0.0,0.0,0.0,5024.5,3.900390625,5024.5
2,3900,STARFRUIT,5021,1,5020.0,25.0,0.0,0.0,5023,1,5027.0,26.0,0.0,0.0,5022.0,10.6005859375,5023.509433962264
2,4000,STARFRUIT,5021,1,5020.0,22.0,0.0,0.0,5027,23,0.0,0.0,0.0,0.0,5024.0,11.2041015625,5023.521739130435
2,4100,STARFRUIT,5021,2,5020.0,24.0,0.0,0.0,5025,7,5027.0,26.0,0.0,0.0,5023.0,11.2822265625,5023.71186440678
2,4200,STARFRUIT,5020,29,0.0,0.0,0.0,0.0,5027,29,0.0,0.0,0.0,0.0,5023.5,12.0849609375,5023.5
2,4300,STARFRUIT,5020,22,0.0,0.0,0.0,0.0,5025,8,5027.0,22.0,0.0,0.0,5022.5,12.369140625,5023.7307692307695
2,4400,STARFRUIT,5021,2,5020.0,24.0,0.0,0.0,5027,26,0.0,0.0,0.0,0.0,5024.0,17.0,5023.538461538462
2,4500,STARFRUIT,5020,25,0.0,0.0,0.0,0.0,5027,26,0.0,0.0,0.0,0.0,5023.5,17.0,5023.568627450981
2,4600,STARFRUIT,5020,2,5019.0,21.0,0.0,0.0,5026,23,0.0,0.0,0.0,0.0,5023.0,17.0,5022.54347826087
2,4700,STARFRUIT,5020,7,5019.0,27.0,0.0,0.0,5026,29,0.0,0.0,0.0,0.0,5023.0,17.0,5022.333333333333
2,4800,STARFRUIT,5019,27,0.0,0.0,0.0,0.0,5026,27,0.0,0.0,0.0,0.0,5022.5,17.0,5022.5
2,4900,STARFRUIT,5019,27,0.0,0.0,0.0,0.0,5026,27,0.0,0.0,0.0,0.0,5022.5,17.0,5022.5
2,5000,STARFRUIT,5024,1,5020.0,6.0,5019.0,26.0,5026,26,0.0,0.0,0.0,0.0,5025.0,17.0,5022.271186440678
2,5100,STARFRUIT,5018,24,0.0,0.0,0.0,0.0,5019,8,5025.0,24.0,0.0,0.0,5018.5,19.31396484375,5021.142857142857
2,5200,STARFRUIT,5022,5,5019.0,2.0,5018.0,30.0,5025,30,0.0,0.0,0.0,0.0,5023.5,36.65234375,5021.462686567164
2,5300,STARFRUIT,5018,30,0.0,0.0,0.0,0.0,5019,7,5025.0,30.0,0.0,0.0,5018.5,41.8798828125,5021.238805970149
2,5400,STARFRUIT,5018,25,0.0,0.0,0.0,0.0,5025,25,0.0,0.0,0.0,0.0,5021.5,35.0,5021.5
2,5500,STARFRUIT,5018,30,0.0,0.0,0.0,0.0,5025,30,0.0,0.0,0.0,0.0,5021.5,35.0,5021.5
2,5600,STARFRUIT,5019,3,5018.0,28.0,0.0,0.0,5025,28,0.0,0.0,0.0,0.0,5022.0,35.0,5021.372881355932
2,5700,STARFRUIT,5019,26,0.0,0.0,0.0,0.0,5025,1,5026.0,25.0,0.0,0.0,5022.0,35.0,5022.4807692307695
2,5800,STARFRUIT,5019,21,0.0,0.0,0.0,0.0,5026,21,0.0,0.0,0.0,0.0,5022.5,40.1103515625,5022.5
2,5900,STARFRUIT,5018,30,0.0,0.0,0.0,0.0,5025,30,0.0,0.0,0.0,0.0,5021.5,33.0,5021.5
2,6000,STARFRUIT,5018,28,0.0,0.0,0.0,0.0,5023,7,5025.0,28.0,0.0,0.0,5020.5,33.0,5021.666666666667
2,6100,STARFRUIT,5018,27,0.0,0.0,0.0,0.0,5025,27,0.0,0.0,0.0,0.0,5021.5,33.0,5021.5
2,6200,STARFRUIT,5019,2,5018.0,21.0,0.0,0.0,5025,21,0.0,0.0,0.0,0.0,5022.0,33.0,5021.386363636364
2,6300,STARFRUIT,5018,32,0.0,0.0,0.0,0.0,5025,32,0.0,0.0,0.0,0.0,5021.5,33.0,5021.5
2,6400,STARFRUIT,5018,24,0.0,0.0,0.0,0.0,5019,1,5023.0,7.0,5025.0,24.0,5018.5,61.90625,5021.642857142857
2,6500,STARFRUIT,5018,26,0.0,0.0,0.0,0.0,5025,26,0.0,0.0,0.0,0.0,5021.5,63.44921875,5021.5
2,6600,STARFRUIT,5018,27,0.0,0.0,0.0,0.0,5025,27,0.0,0.0,0.0,0.0,5021.5,63.06640625,5021.5
2,6700,STARFRUIT,5021,2,5018.0,22.0,0.0,0.0,5025,22,0.0,0.0,0.0,0.0,5023.0,62.07421875,5021.478260869565
2,6800,STARFRUIT,5023,5,5019.0,2.0,5018.0,27.0,5025,2,5026.0,27.0,0.0,0.0,5024.0,55.0,5022.079365079365
2,6900,STARFRUIT,5018,32,0.0,0.0,0.0,0.0,5025,32,0.0,0.0,0.0,0.0,5021.5,62.189453125,5021.5
2,7000,STARFRUIT,5018,28,0.0,0.0,0.0,0.0,5024,2,5025.0,26.0,0.0,0.0,5021.0,64.501953125,5021.464285714285
2,7100,STARFRUIT,5018,28,0.0,0.0,0.0,0.0,5023,2,5024.0,2.0,5025.0,26.0,5020.5,63.83203125,5021.517241379311
2,7200,STARFRUIT,5018,21,0.0,0.0,0.0,0.0,5023,3,5025.0,21.0,0.0,0.0,5020.5,62.98828125,5021.6
2,7300,STARFRUIT,5018,23,0.0,0.0,0.0,0.0,5025,23,0.0,0.0,0.0,0.0,5021.5,61.22265625,5021.5
2,7400,STARFRUIT,5019,1,5018.0,22.0,0.0,0.0,5025,23,0.0,0.0,0.0,0.0,5022.0,61.0078125,5021.521739130435
2,7500,STARFRUIT,5019,2,5018.0,30.0,0.0,0.0,5021,5,5025.0,32.0,0.0,0.0,5020.0,60.47265625,5021.492753623188
2,7600,STARFRUIT,5019,24,0.0,0.0,0.0,0.0,5025,2,5026.0,22.0,0.0,0.0,5022.0,65.0,5022.458333333333
2,7700,STARFRUIT,5019,22,0.0,0.0,0.0,0.0,5026,22,0.0,0.0,0.0,0.0,5022.5,65.0,5022.5
2,7800,STARFRUIT,5019,25,0.0,0.0,0.0,0.0,5025,2,5026.0,23.0,0.0,0.0,5022.0,65.0,5022.46
2,7900,STARFRUIT,5019,31,0.0,0.0,0.0,0.0,5022,3,5024.0,1.0,5025.0,1.0,5020.5,65.0,5019.555555555556
2,8000,STARFRUIT,5023,4,5022.0,3.0,5019.0,29.0,5025,2,5026.0,27.0,0.0,0.0,5024.0,65.0,5022.476923076923
2,8100,STARFRUIT,5019,21,0.0,0.0,0.0,0.0,5026,22,0.0,0.0,0.0,0.0,5022.5,66.53125,5022.581395348837
2,8200,STARFRUIT,5018,28,0.0,0.0,0.0,0.0,5025,28,0.0,0.0,0.0,0.0,5021.5,72.5,5021.5
2,8300,STARFRUIT,5019,5,5018.0,25.0,0.0,0.0,5025,25,0.0,0.0,0.0,0.0,5022.0,73.328125,5021.272727272727
2,8400,STARFRUIT,5019,7,5018.0,26.0,0.0,0.0,5025,27,0.0,0.0,0.0,0.0,5022.0,69.8984375,5021.266666666666
2,8500,STARFRUIT,5018,27,0.0,0.0,0.0,0.0,5025,27,0.0,0.0,0.0,0.0,5021.5,72.3984375,5021.5
2,8600,STARFRUIT,5019,2,5018.0,29.0,0.0,0.0,5025,31,0.0,0.0,0.0,0.0,5022.0,70.9140625,5021.532258064516
2,8700,STARFRUIT,5019,26,0.0,0.0,0.0,0.0,5025,2,5026.0,24.0,0.0,0.0,5022.0,67.81640625,5022.461538461538
2,8800,STARFRUIT,5023,10,5018.0,31.0,0.0,0.0,5025,31,0.0,0.0,0.0,0.0,5024.0,75.10546875,5021.708333333333
2,8900,STARFRUIT,5018,28,0.0,0.0,0.0,0.0,5024,1,5025.0,27.0,0.0,0.0,5021.0,94.9921875,5021.482142857143
2,9000,STARFRUIT,5018,22,0.0,0.0,0.0,0.0,5025,22,0.0,0.0,0.0,0.0,5021.5,93.53125,5021.5
2,9100,STARFRUIT,5018,29,0.0,0.0,0.0,0.0,5024,1,5025.0,29.0,0.0,0.0,5021.0,94.625,5021.542372881356
2,9200,STARFRUIT,5018,2,5017.0,22.0,0.0,0.0,5024,2,5025.0,22.0,0.0,0.0,5021.0,98.15625,5021.0
2,9300,STARFRUIT,5019,5,5018.0,31.0,0.0,0.0,5025,31,0.0,0.0,0.0,0.0,5022.0,92.953125,5021.313432835821
2,9400,STARFRUIT,5021,2,5018.0,28.0,0.0,0.0,5025,28,0.0,0.0,0.0,0.0,5023.0,87.265625,5021.482758620689
2,9500,STARFRUIT,5018,25,0.0,0.0,0.0,0.0,5025,25,0.0,0.0,0.0,0.0,5021.5,86.140625,5021.5
2,9600,STARFRUIT,5018,30,0.0,0.0,0.0,0.0,5019,1,5021.0,3.0,5023.0,3.0,5018.5,85.3359375,5018.675675675676
2,9700,STARFRUIT,5019,1,5018.0,20.0,0.0,0.0,5020,2,5025.0,22.0,0.0,0.0,5019.5,82.8671875,5021.533333333334
2,9800,STARFRUIT,5020,2,5019.0,21.0,0.0,0.0,5026,21,0.0,0.0,0.0,0.0,5023.0,79.90625,5022.386363636364
2,9900,STARFRUIT,5019,22,0.0,0.0,0.0,0.0,5025,1,5026.0,21.0,0.0,0.0,5022.0,83.515625,5022.477272727273
2,10000,STARFRUIT,5020,2,5019.0,22.0,0.0,0.0,5026,24,0.0,0.0,0.0,0.0,5023.0,71.1640625,5022.541666666667
2,10100,STARFRUIT,5019,23,0.0,0.0,0.0,0.0,5026,23,0.0,0.0,0.0,0.0,5022.5,76.40625,5022.5
2,10200,STARFRUIT,5019,31,0.0,0.0,0.0,0.0,5026,31,0.0,0.0,0.0,0.0,5022.5,76.8046875,5022.5
2,10300,STARFRUIT,5019,27,0.0,0.0,0.0,0.0,5026,27,0.0,0.0,0.0,0.0,5022.5,76.015625,5022.5
2,10400,STARFRUIT,5019,2,5018.0,25.0,0.0,0.0,5025,27,0.0,0.0,0.0,0.0,5022.0,88.3671875,5021.537037037037
2,10500,STARFRUIT,5019,2,5018.0,27.0,0.0,0.0,5025,29,0.0,0.0,0.0,0.0,5022.0,88.09375,5021.5344827586205
2,10600,STARFRUIT,5018,24,0.0,0.0,0.0,0.0,5025,24,0.0,0.0,0.0,0.0,5021.5,97.0703125,5021.5
2,10700,STARFRUIT,5018,22,0.0,0.0,0.0,0.0,5024,1,5025.0,21.0,0.0,0.0,5021.0,101.3984375,5021.477272727273
2,10800,STARFRUIT,5017,23,0.0,0.0,0.0,0.0,5022,1,5024.0,23.0,0.0,0.0,5019.5,107.4453125,5020.531914893617
2,10900,STARFRUIT,5018,27,0.0,0.0,0.0,0.0,5019,4,5024.0,2.0,5025.0,25.0,5018.5,100.1953125,5021.293103448276
2,11000,STARFRUIT,5017,22,0.0,0.0,0.0,0.0,5024,22,0.0,0.0,0.0,0.0,5020.5,115.40234375,5020.5
2,11100,STARFRUIT,5017,28,0.0,0.0,0.0,0.0,5022,5,5024.0,28.0,0.0,0.0,5019.5,115.75390625,5020.622950819672
2,11200,STARFRUIT,5017,28,0.0,0.0,0.0,0.0,5024,28,0.0,0.0,0.0,0.0,5020.5,116.6640625,5020.5
2,11300,STARFRUIT,5017,26,0.0,0.0,0.0,0.0,5022,4,5024.0,26.0,0.0,0.0,5019.5,116.92578125,5020.607142857143
2,11400,STARFRUIT,5017,28,0.0,0.0,0.0,0.0,5020,2,5024.0,28.0,0.0,0.0,5018.5,112.82421875,5020.482758620689
2,11500,STARFRUIT,5017,27,0.0,0.0,0.0,0.0,5024,27,0.0,0.0,0.0,0.0,5020.5,120.3828125,5020.5
2,11600,STARFRUIT,5018,27,0.0,0.0,0.0,0.0,5025,27,0.0,0.0,0.0,0.0,5021.5,109.3984375,5021.5
2,11700,STARFRUIT,5021,3,5017.0,23.0,0.0,0.0,5024,23,0.0,0.0,0.0,0.0,5022.5,116.84375,5020.530612244898
2,11800,STARFRUIT,5018,8,5017.0,22.0,0.0,0.0,5024,22,0.0,0.0,0.0,0.0,5021.0,123.5078125,5020.115384615385
2,11900,STARFRUIT,5022,5,5018.0,1.0,5017.0,30.0,5024,30,0.0,0.0,0.0,0.0,5023.0,115.65625,5020.575757575758
2,12000,STARFRUIT,5016,25,0.0,0.0,0.0,0.0,5017,1,5023.0,25.0,0.0,0.0,5016.5,136.2890625,5019.450980392156
2,12100,STARFRUIT,5016,27,0.0,0.0,0.0,0.0,5023,27,0.0,0.0,0.0,0.0,5019.5,147.140625,5019.5
2,12200,STARFRUIT,5016,22,0.0,0.0,0.0,0.0,5023,22,0.0,0.0,0.0,0.0,5019.5,150.28125,5019.5
2,12300,STARFRUIT,5016,25,0.0,0.0,0.0,0.0,5021,4,5023.0,25.0,0.0,0.0,5018.5,154.0,5019.611111111111
2,12400,STARFRUIT,5021,1,5017.0,1.0,5016.0,29.0,5022,1,5023.0,28.0,0.0,0.0,5021.5,160.3125,5019.466666666666
2,12500,STARFRUIT,5020,3,5015.0,26.0,0.0,0.0,5022,26,0.0,0.0,0.0,0.0,5021.0,123.0,5018.581818181819
2,12600,STARFRUIT,5020,5,5016.0,1.0,5015.0,24.0,5022,1,5023.0,24.0,0.0,0.0,5021.0,126.025390625,5019.090909090909
2,12700,STARFRUIT,5015,20,0.0,0.0,0.0,0.0,5016,1,5020.0,5.0,5022.0,20.0,5015.5,134.0859375,5018.608695652174
2,12800,STARFRUIT,5019,2,5015.0,24.0,0.0,0.0,5020,5,5022.0,24.0,0.0,0.0,5019.5,138.9609375,5018.654545454546
2,12900,STARFRUIT,5015,29,0.0,0.0,0.0,0.0,5020,8,5022.0,29.0,0.0,0.0,5017.5,137.2734375,5018.681818181818
2,13000,STARFRUIT,5015,27,0.0,0.0,0.0,0.0,5020,4,5022.0,27.0,0.0,0.0,5017.5,140.4296875,5018.603448275862
2,13100,STARFRUIT,5014,26,0.0,0.0,0.0,0.0,5015,5,5021.0,26.0,0.0,0.0,5014.5,148.8046875,5017.2807017543855
2,13200,STARFRUIT,5015,6,5014.0,31.0,0.0,0.0,5020,1,5021.0,30.0,0.0,0.0,5017.5,161.30078125,5017.264705882353
2,13300,STARFRUIT,5014,28,0.0,0.0,0.0,0.0,5015,1,5021.0,28.0,0.0,0.0,5014.5,159.0703125,5017.456140350877
2,13400,STARFRUIT,5017,1,5014.0,22.0,0.0,0.0,5021,22,0.0,0.0,0.0,0.0,5019.0,161.962890625,5017.488888888889
2,13500,STARFRUIT,5015,28,0.0,0.0,0.0,0.0,5021,2,5022.0,26.0,0.0,0.0,5018.0,160.57421875,5018.464285714285
2,13600,STARFRUIT,5014,22,0.0,0.0,0.0,0.0,5019,4,5021.0,22.0,0.0,0.0,5016.5,163.1005859375,5017.625
2,13700,STARFRUIT,5019,1,5013.0,31.0,0.0,0.0,5020,31,0.0,0.0,0.0,0.0,5019.5,164.83203125,5016.539682539683
2,13800,STARFRUIT,5014,2,5013.0,26.0,0.0,0.0,5020,26,0.0,0.0,0.0,0.0,5017.0,167.73046875,5016.407407407408
2,13900,STARFRUIT,5017,4,5014.0,22.0,0.0,0.0,5020,2,5021.0,20.0,0.0,0.0,5018.5,165.478515625,5017.416666666667
2,14000,STARFRUIT,5015,1,5014.0,23.0,0.0,0.0,5020,2,5021.0,21.0,0.0,0.0,5017.5,164.42578125,5017.404255319149
2,14100,STARFRUIT,5014,25,0.0,0.0,0.0,0.0,5019,7,5021.0,25.0,0.0,0.0,5016.5,160.015625,5017.684210526316
2,14200,STARFRUIT,5014,2,5013.0,24.0,0.0,0.0,5020,26,0.0,0.0,0.0,0.0,5017.0,166.5,5016.538461538462
2,14300,STARFRUIT,5016,6,5013.0,23.0,0.0,0.0,5020,23,0.0,0.0,0.0,0.0,5018.0,168.1484375,5016.442307692308
2,14400,STARFRUIT,5013,27,0.0,0.0,0.0,0.0,5020,27,0.0,0.0,0.0,0.0,5016.5,166.0,5016.5
2,14500,STARFRUIT,5016,2,5013.0,30.0,0.0,0.0,5018,7,5020.0,30.0,0.0,0.0,5017.0,166.0,5016.63768115942
2,14600,STARFRUIT,5014,28,0.0,0.0,0.0,0.0,5020,1,5021.0,27.0,0.0,0.0,5017.0,166.0,5017.482142857143
2,14700,STARFRUIT,5013,25,0.0,0.0,0.0,0.0,5020,25,0.0,0.0,0.0,0.0,5016.5,166.0,5016.5
2,14800,STARFRUIT,5014,24,0.0,0.0,0.0,0.0,5020,1,5021.0,23.0,0.0,0.0,5017.0,172.0859375,5017.479166666667
2,14900,STARFRUIT,5014,22,0.0,0.0,0.0,0.0,5019,6,5020.0,2.0,5021.0,20.0,5016.5,172.330078125,5017.64
2,15000,STARFRUIT,5014,29,0.0,0.0,0.0,0.0,5021,30,0.0,0.0,0.0,0.0,5017.5,172.55859375,5017.559322033899
2,15100,STARFRUIT,5014,22,0.0,0.0,0.0,0.0,5021,22,0.0,0.0,0.0,0.0,5017.5,172.7802734375,5017.5
2,15200,STARFRUIT,5014,24,0.0,0.0,0.0,0.0,5019,2,5021.0,24.0,0.0,0.0,5016.5,173.18359375,5017.56
2,15300,STARFRUIT,5015,2,5014.0,24.0,0.0,0.0,5019,1,5021.0,26.0,0.0,0.0,5017.0,173.87109375,5017.566037735849
2,15400,STARFRUIT,5015,29,0.0,0.0,0.0,0.0,5022,29,0.0,0.0,0.0,0.0,5018.5,174.3330078125,5018.5
2,15500,STARFRUIT,5015,27,0.0,0.0,0.0,0.0,5016,10,5021.0,2.0,5022.0,25.0,5015.5,174.3671875,5018.078125
2,15600,STARFRUIT,5015,25,0.0,0.0,0.0,0.0,5022,25,0.0,0.0,0.0,0.0,5018.5,168.0,5018.5
2,15700,STARFRUIT,5015,26,0.0,0.0,0.0,0.0,5022,26,0.0,0.0,0.0,0.0,5018.5,168.0,5018.5
2,15800,STARFRUIT,5015,4,5014.0,25.0,0.0,0.0,5021,25,0.0,0.0,0.0,0.0,5018.0,168.0,5017.314814814815
2,15900,STARFRUIT,5015,25,0.0,0.0,0.0,0.0,5020,8,5021.0,2.0,5022.0,23.0,5017.5,168.0,5018.672413793103
2,16000,STARFRUIT,5015,20,0.0,0.0,0.0,0.0,5016,9,5022.0,20.0,0.0,0.0,5015.5,168.9375,5018.040816326531
2,16100,STARFRUIT,5015,23,0.0,0.0,0.0,0.0,5021,2,5022.0,21.0,0.0,0.0,5018.0,187.91796875,5018.45652173913
2,16200,STARFRUIT,5015,28,0.0,0.0,0.0,0.0,5020,1,5021.0,1.0,5022.0,27.0,5017.5,188.109375,5018.508771929824
2,16300,STARFRUIT,5015,1,5014.0,24.0,0.0,0.0,5017,2,5021.0,25.0,0.0,0.0,5016.0,188.34375,5017.5
2,16400,STARFRUIT,5015,1,5014.0,29.0,0.0,0.0,5019,7,5021.0,30.0,0.0,0.0,5017.0,171.0,5017.671641791045
2,16500,STARFRUIT,5014,29,0.0,0.0,0.0,0.0,5022,29,0.0,0.0,0.0,0.0,5018.0,171.0,5018.0
2,16600,STARFRUIT,5015,1,5014.0,20.0,0.0,0.0,5021,21,0.0,0.0,0.0,0.0,5018.0,171.0,5017.523809523809
2,16700,STARFRUIT,5016,3,5015.0,23.0,0.0,0.0,5022,23,0.0,0.0,0.0,0.0,5019.0,171.0,5018.34693877551
2,16800,STARFRUIT,5020,4,5018.0,4.0,5016.0,1.0,5022,23,0.0,0.0,0.0,0.0,5021.0,171.0,5021.0625
2,16900,STARFRUIT,5016,1,5015.0,23.0,0.0,0.0,5022,1,5023.0,23.0,0.0,0.0,5019.0,175.017578125,5019.0
2,17000,STARFRUIT,5015,32,0.0,0.0,0.0,0.0,5022,32,0.0,0.0,0.0,0.0,5018.5,176.1796875,5018.5
2,17100,STARFRUIT,5016,23,0.0,0.0,0.0,0.0,5023,23,0.0,0.0,0.0,0.0,5019.5,172.775390625,5019.5
2,17200,STARFRUIT,5017,25,0.0,0.0,0.0,0.0,5020,6,5023.0,1.0,5024.0,24.0,5018.5,174.265625,5020.428571428572
2,17300,STARFRUIT,5016,28,0.0,0.0,0.0,0.0,5023,28,0.0,0.0,0.0,0.0,5019.5,176.716796875,5019.5
2,17400,STARFRUIT,5016,22,0.0,0.0,0.0,0.0,5023,22,0.0,0.0,0.0,0.0,5019.5,175.5,5019.5
2,17500,STARFRUIT,5022,1,5016.0,31.0,0.0,0.0,5023,31,0.0,0.0,0.0,0.0,5022.5,176.5703125,5019.539682539683
2,17600,STARFRUIT,5017,2,5016.0,26.0,0.0,0.0,5023,28,0.0,0.0,0.0,0.0,5020.0,177.77734375,5019.535714285715
2,17700,STARFRUIT,5017,3,5016.0,23.0,0.0,0.0,5023,23,0.0,0.0,0.0,0.0,5020.0,178.9140625,5019.34693877551
2,17800,STARFRUIT,5016,28,0.0,0.0,0.0,0.0,5021,6,5023.0,28.0,0.0,0.0,5018.5,180.66796875,5019.645161290323
2,17900,STARFRUIT,5016,1,5015.0,27.0,0.0,0.0,5020,2,5022.0,28.0,0.0,0.0,5018.0,184.30859375,5018.568965517241
2,18000,STARFRUIT,5015,31,0.0,0.0,0.0,0.0,5022,31,0.0,0.0,0.0,0.0,5018.5,188.10546875,5018.5
2,18100,STARFRUIT,5015,28,0.0,0.0,0.0,0.0,5022,28,0.0,0.0,0.0,0.0,5018.5,185.80078125,5018.5
2,18200,STARFRUIT,5015,27,0.0,0.0,0.0,0.0,5020,7,5022.0,27.0,0.0,0.0,5017.5,187.875,5018.672131147541
2,18300,STARFRUIT,5020,1,5015.0,23.0,0.0,0.0,5022,23,0.0,0.0,0.0,0.0,5021.0,189.1015625,5018.531914893617
2,18400,STARFRUIT,5014,27,0.0,0.0,0.0,0.0,5021,27,0.0,0.0,0.0,0.0,5017.5,196.859375,5017.5
2,18500,STARFRUIT,5014,28,0.0,0.0,0.0,0.0,5021,28,0.0,0.0,0.0,0.0,5017.5,195.31640625,5017.5
2,18600,STARFRUIT,5014,27,0.0,0.0,0.0,0.0,5021,27,0.0,0.0,0.0,0.0,5017.5,200.65234375,5017.5
2,18700,STARFRUIT,5014,23,0.0,0.0,0.0,0.0,5021,23,0.0,0.0,0.0,0.0,5017.5,199.11328125,5017.5
2,18800,STARFRUIT,5014,22,0.0,0.0,0.0,0.0,5019,1,5020.0,2.0,5021.0,20.0,5016.5,200.8046875,5017.488888888889
2,18900,STARFRUIT,5014,28,0.0,0.0,0.0,0.0,5021,28,0.0,0.0,0.0,0.0,5017.5,200.40625,5017.5
2,19000,STARFRUIT,5014,22,0.0,0.0,0.0,0.0,5020,1,5021.0,21.0,0.0,0.0,5017.0,199.9375,5017.477272727273
2,19100,STARFRUIT,5014,1,5013.0,24.0,0.0,0.0,5020,25,0.0,0.0,0.0,0.0,5017.0,202.90234375,5016.52
2,19200,STARFRUIT,5014,21,0.0,0.0,0.0,0.0,5019,5,5021.0,21.0,0.0,0.0,5016.5,200.76171875,5017.659574468085
2,19300,STARFRUIT,5014,3,5013.0,28.0,0.0,0.0,5020,28,0.0,0.0,0.0,0.0,5017.0,204.578125,5016.372881355932
2,19400,STARFRUIT,5013,30,0.0,0.0,0.0,0.0,5018,2,5020.0,30.0,0.0,0.0,5015.5,205.75,5016.548387096775
2,19500,STARFRUIT,5013,29,0.0,0.0,0.0,0.0,5014,1,5020.0,29.0,0.0,0.0,5013.5,204.30078125,5016.457627118644
2,19600,STARFRUIT,5014,1,5013.0,23.0,0.0,0.0,5020,23,0.0,0.0,0.0,0.0,5017.0,204.3359375,5016.446808510638
2,19700,STARFRUIT,5017,5,5014.0,30.0,0.0,0.0,5021,30,0.0,0.0,0.0,0.0,5019.0,203.03125,5017.461538461538
2,19800,STARFRUIT,5014,1,5013.0,24.0,0.0,0.0,5020,25,0.0,0.0,0.0,0.0,5017.0,196.53125,5016.52
2,19900,STARFRUIT,5014,1,5013.0,21.0,0.0,0.0,5020,22,0.0,0.0,0.0,0.0,5017.0,198.625,5016.522727272727
2,20000,STARFRUIT,5014,31,0.0,0.0,0.0,0.0,5021,31,0.0,0.0,0.0,0.0,5017.5,188.1953125,5017.5
2,20100,STARFRUIT,5017,6,5014.0,32.0,0.0,0.0,5021,32,0.0,0.0,0.0,0.0,5019.0,182.484375,5017.457142857143
2,20200,STARFRUIT,5013,27,0.0,0.0,0.0,0.0,5020,27,0.0,0.0,0.0,0.0,5016.5,196.8671875,5016.5
2,20300,STARFRUIT,5013,29,0.0,0.0,0.0,0.0,5020,29,0.0,0.0,0.0,0.0,5016.5,204.3203125,5016.5
2,20400,STARFRUIT,5013,32,0.0,0.0,0.0,0.0,5020,32,0.0,0.0,0.0,0.0,5016.5,205.421875,5016.5
2,20500,STARFRUIT,5019,1,5015.0,1.0,5014.0,24.0,5021,24,0.0,0.0,0.0,0.0,5020.0,187.75,5017.48
2,20600,STARFRUIT,5014,27,0.0,0.0,0.0,0.0,5015,1,5019.0,1.0,5021.0,27.0,5014.5,181.78125,5017.482142857143
2,20700,STARFRUIT,5014,20,0.0,0.0,0.0,0.0,5021,20,0.0,0.0,0.0,0.0,5017.5,196.1796875,5017.5
2,20800,STARFRUIT,5014,1,5013.0,22.0,0.0,0.0,5020,23,0.0,0.0,0.0,0.0,5017.0,199.8203125,5016.521739130435
2,20900,STARFRUIT,5014,1,5013.0,28.0,0.0,0.0,5020,29,0.0,0.0,0.0,0.0,5017.0,200.8515625,5016.517241379311
2,21000,STARFRUIT,5014,2,5013.0,29.0,0.0,0.0,5020,31,0.0,0.0,0.0,0.0,5017.0,229.93359375,5016.532258064516
2,21100,STARFRUIT,5014,28,0.0,0.0,0.0,0.0,5015,5,5020.0,2.0,5021.0,26.0,5014.5,226.94921875,5017.262295081967
2,21200,STARFRUIT,5013,31,0.0,0.0,0.0,0.0,5020,31,0.0,0.0,0.0,0.0,5016.5,239.373046875,5016.5
2,21300,STARFRUIT,5013,26,0.0,0.0,0.0,0.0,5020,26,0.0,0.0,0.0,0.0,5016.5,240.298828125,5016.5
2,21400,STARFRUIT,5013,21,0.0,0.0,0.0,0.0,5020,21,0.0,0.0,0.0,0.0,5016.5,241.212890625,5016.5
2,21500,STARFRUIT,5013,27,0.0,0.0,0.0,0.0,5014,1,5020.0,27.0,0.0,0.0,5013.5,239.43359375,5016.454545454545
2,21600,STARFRUIT,5014,1,5013.0,29.0,0.0,0.0,5020,29,0.0,0.0,0.0,0.0,5017.0,242.80078125,5016.457627118644
2,21700,STARFRUIT,5013,25,0.0,0.0,0.0,0.0,5020,25,0.0,0.0,0.0,0.0,5016.5,242.14453125,5016.5
2,21800,STARFRUIT,5013,22,0.0,0.0,0.0,0.0,5020,22,0.0,0.0,0.0,0.0,5016.5,242.3447265625,5016.5
2,21900,STARFRUIT,5013,30,0.0,0.0,0.0,0.0,5018,2,5020.0,30.0,0.0,0.0,5015.5,242.791015625,5016.548387096775
2,22000,STARFRUIT,5013,25,0.0,0.0,0.0,0.0,5019,1,5020.0,24.0,0.0,0.0,5016.0,243.435546875,5016.48
2,22100,STARFRUIT,5013,27,0.0,0.0,0.0,0.0,5020,27,0.0,0.0,0.0,0.0,5016.5,243.1796875,5016.5
2,22200,STARFRUIT,5013,22,0.0,0.0,0.0,0.0,5020,22,0.0,0.0,0.0,0.0,5016.5,242.01171875,5016.5
2,22300,STARFRUIT,5013,29,0.0,0.0,0.0,0.0,5020,29,0.0,0.0,0.0,0.0,5016.5,263.671875,5016.5
2,22400,STARFRUIT,5013,26,0.0,0.0,0.0,0.0,5018,6,5020.0,26.0,0.0,0.0,5015.5,262.98828125,5016.6551724137935
2,22500,STARFRUIT,5014,7,5013.0,27.0,0.0,0.0,5020,27,0.0,0.0,0.0,0.0,5017.0,266.671875,5016.213114754099
2,22600,STARFRUIT,5014,6,5013.0,28.0,0.0,0.0,5020,28,0.0,0.0,0.0,0.0,5017.0,266.85546875,5016.258064516129
2,22700,STARFRUIT,5013,30,0.0,0.0,0.0,0.0,5018,5,5019.0,2.0,5020.0,28.0,5015.5,265.94140625,5016.584615384615
2,22800,STARFRUIT,5013,22,0.0,0.0,0.0,0.0,5020,22,0.0,0.0,0.0,0.0,5016.5,259.41796875,5016.5
2,22900,STARFRUIT,5014,1,5013.0,24.0,0.0,0.0,5020,25,0.0,0.0,0.0,0.0,5017.0,258.62890625,5016.52
2,23000,STARFRUIT,5013,28,0.0,0.0,0.0,0.0,5018,5,5019.0,1.0,5020.0,27.0,5015.5,267.16796875,5016.606557377049
2,23100,STARFRUIT,5012,22,0.0,0.0,0.0,0.0,5019,22,0.0,0.0,0.0,0.0,5015.5,271.09375,5015.5
2,23200,STARFRUIT,5013,1,5012.0,26.0,0.0,0.0,5017,4,5019.0,27.0,0.0,0.0,5015.0,268.86328125,5015.620689655172
2,23300,STARFRUIT,5013,1,5012.0,24.0,0.0,0.0,5019,25,0.0,0.0,0.0,0.0,5016.0,268.6328125,5015.52
2,23400,STARFRUIT,5013,27,0.0,0.0,0.0,0.0,5019,2,5020.0,25.0,0.0,0.0,5016.0,266.01171875,5016.462962962963
2,23500,STARFRUIT,5013,23,0.0,0.0,0.0,0.0,5020,23,0.0,0.0,0.0,0.0,5016.5,265.359375,5016.5
2,23600,STARFRUIT,5013,24,0.0,0.0,0.0,0.0,5020,25,0.0,0.0,0.0,0.0,5016.5,263.296875,5016.571428571428
2,23700,STARFRUIT,5013,28,0.0,0.0,0.0,0.0,5020,28,0.0,0.0,0.0,0.0,5016.5,258.0546875,5016.5
2,23800,STARFRUIT,5014,31,0.0,0.0,0.0,0.0,5021,31,0.0,0.0,0.0,0.0,5017.5,251.62890625,5017.5
2,23900,STARFRUIT,5014,26,0.0,0.0,0.0,0.0,5021,26,0.0,0.0,0.0,0.0,5017.5,272.8125,5017.5
2,24000,STARFRUIT,5014,30,0.0,0.0,0.0,0.0,5020,2,5021.0,28.0,0.0,0.0,5017.0,281.234375,5017.466666666666
2,24100,STARFRUIT,5014,2,5013.0,30.0,0.0,0.0,5020,32,0.0,0.0,0.0,0.0,5017.0,287.890625,5016.53125
2,24200,STARFRUIT,5014,1,5013.0,28.0,0.0,0.0,5018,2,5020.0,29.0,0.0,0.0,5016.0,286.265625,5016.566666666667
2,24300,STARFRUIT,5013,26,0.0,0.0,0.0,0.0,5020,26,0.0,0.0,0.0,0.0,5016.5,286.7421875,5016.5
2,24400,STARFRUIT,5014,2,5013.0,23.0,0.0,0.0,5020,25,0.0,0.0,0.0,0.0,5017.0,288.6953125,5016.54
2,24500,STARFRUIT,5013,28,0.0,0.0,0.0,0.0,5018,4,5020.0,29.0,0.0,0.0,5015.5,297.15625,5016.6557377049185
2,24600,STARFRUIT,5013,30,0.0,0.0,0.0,0.0,5018,3,5020.0,30.0,0.0,0.0,5015.5,295.4453125,5016.571428571428
2,24700,STARFRUIT,5013,23,0.0,0.0,0.0,0.0,5020,23,0.0,0.0,0.0,0.0,5016.5,291.125,5016.5
2,24800,STARFRUIT,5014,25,0.0,0.0,0.0,0.0,5021,25,0.0,0.0,0.0,0.0,5017.5,277.7890625,5017.5
2,24900,STARFRUIT,5014,6,5013.0,23.0,0.0,0.0,5020,23,0.0,0.0,0.0,0.0,5017.0,292.1640625,5016.211538461538
2,25000,STARFRUIT,5013,26,0.0,0.0,0.0,0.0,5020,26,0.0,0.0,0.0,0.0,5016.5,294.609375,5016.5
2,25100,STARFRUIT,5014,6,5013.0,24.0,0.0,0.0,5019,2,5020.0,22.0,0.0,0.0,5016.5,300.8828125,5016.185185185185
2,25200,STARFRUIT,5013,25,0.0,0.0,0.0,0.0,5015,5,5020.0,25.0,0.0,0.0,5014.0,291.3359375,5016.363636363636
2,25300,STARFRUIT,5014,5,5013.0,25.0,0.0,0.0,5020,25,0.0,0.0,0.0,0.0,5017.0,286.90625,5016.272727272727
2,25400,STARFRUIT,5014,1,5013.0,25.0,0.0,0.0,5020,26,0.0,0.0,0.0,0.0,5017.0,285.5234375,5016.5192307692305
2,25500,STARFRUIT,5014,1,5013.0,23.0,0.0,0.0,5020,2,5021.0,23.0,0.0,0.0,5017.0,283.84375,5017.061224489796
2,25600,STARFRUIT,5014,29,0.0,0.0,0.0,0.0,5020,2,5021.0,27.0,0.0,0.0,5017.0,280.828125,5017.4655172413795
2,25700,STARFRUIT,5014,22,0.0,0.0,0.0,0.0,5021,22,0.0,0.0,0.0,0.0,5017.5,278.9609375,5017.5
2,25800,STARFRUIT,5014,31,0.0,0.0,0.0,0.0,5021,31,0.0,0.0,0.0,0.0,5017.5,270.3359375,5017.5
2,25900,STARFRUIT,5019,1,5014.0,31.0,0.0,0.0,5020,2,5021.0,29.0,0.0,0.0,5019.5,282.25,5017.492063492064
2,26000,STARFRUIT,5014,23,0.0,0.0,0.0,0.0,5021,24,0.0,0.0,0.0,0.0,5017.5,244.0,5017.574468085107
2,26100,STARFRUIT,5015,3,5014.0,27.0,0.0,0.0,5021,2,5022.0,27.0,0.0,0.0,5018.0,246.00634765625,5017.949152542373
2,26200,STARFRUIT,5015,22,0.0,0.0,0.0,0.0,5022,22,0.0,0.0,0.0,0.0,5018.5,245.94580078125,5018.5
2,26300,STARFRUIT,5015,25,0.0,0.0,0.0,0.0,5020,1,5022.0,25.0,0.0,0.0,5017.5,245.4912109375,5018.529411764706
2,26400,STARFRUIT,5015,23,0.0,0.0,0.0,0.0,5022,23,0.0,0.0,0.0,0.0,5018.5,245.34326171875,5018.5
2,26500,STARFRUIT,5015,27,0.0,0.0,0.0,0.0,5022,27,0.0,0.0,0.0,0.0,5018.5,245.55322265625,5018.5
2,26600,STARFRUIT,5015,25,0.0,0.0,0.0,0.0,5022,25,0.0,0.0,0.0,0.0,5018.5,245.35302734375,5018.5
2,26700,STARFRUIT,5015,24,0.0,0.0,0.0,0.0,5022,25,0.0,0.0,0.0,0.0,5018.5,245.62841796875,5018.571428571428
2,26800,STARFRUIT,5016,2,5015.0,30.0,0.0,0.0,5022,30,0.0,0.0,0.0,0.0,5019.0,281.2734375,5018.419354838709
2,26900,STARFRUIT,5015,23,0.0,0.0,0.0,0.0,5022,23,0.0,0.0,0.0,0.0,5018.5,277.91796875,5018.5
2,27000,STARFRUIT,5016,4,5015.0,24.0,0.0,0.0,5022,24,0.0,0.0,0.0,0.0,5019.0,279.2734375,5018.307692307692
2,27100,STARFRUIT,5015,1,5014.0,27.0,0.0,0.0,5020,4,5021.0,1.0,5022.0,27.0,5017.5,273.94140625,5018.133333333333
2,27200,STARFRUIT,5016,6,5015.0,27.0,0.0,0.0,5022,27,0.0,0.0,0.0,0.0,5019.0,277.80859375,5018.25
2,27300,STARFRUIT,5015,1,5014.0,26.0,0.0,0.0,5019,3,5021.0,27.0,0.0,0.0,5017.0,273.04296875,5017.596491228071
2,27400,STARFRUIT,5018,5,5014.0,27.0,0.0,0.0,5020,2,5021.0,25.0,0.0,0.0,5019.0,263.515625,5017.5084745762715
2,27500,STARFRUIT,5020,1,5014.0,30.0,0.0,0.0,5021,30,0.0,0.0,0.0,0.0,5020.5,273.16796875,5017.540983606557
2,27600,STARFRUIT,5015,30,0.0,0.0,0.0,0.0,5020,7,5022.0,30.0,0.0,0.0,5017.5,278.6484375,5018.6567164179105
2,27700,STARFRUIT,5015,28,0.0,0.0,0.0,0.0,5022,28,0.0,0.0,0.0,0.0,5018.5,282.1171875,5018.5
2,27800,STARFRUIT,5017,7,5016.0,25.0,0.0,0.0,5023,26,0.0,0.0,0.0,0.0,5020.0,289.0703125,5019.258620689655
2,27900,STARFRUIT,5016,29,0.0,0.0,0.0,0.0,5023,29,0.0,0.0,0.0,0.0,5019.5,269.0,5019.5
2,28000,STARFRUIT,5016,25,0.0,0.0,0.0,0.0,5017,9,5023.0,25.0,0.0,0.0,5016.5,269.0,5019.118644067797
2,28100,STARFRUIT,5016,24,0.0,0.0,0.0,0.0,5023,24,0.0,0.0,0.0,0.0,5019.5,269.0,5019.5
2,28200,STARFRUIT,5016,29,0.0,0.0,0.0,0.0,5023,29,0.0,0.0,0.0,0.0,5019.5,271.29345703125,5019.5
2,28300,STARFRUIT,5017,2,5016.0,28.0,0.0,0.0,5023,30,0.0,0.0,0.0,0.0,5020.0,271.0126953125,5019.533333333334
2,28400,STARFRUIT,5017,22,0.0,0.0,0.0,0.0,5022,7,5024.0,22.0,0.0,0.0,5019.5,270.611328125,5020.705882352941
2,28500,STARFRUIT,5016,22,0.0,0.0,0.0,0.0,5023,22,0.0,0.0,0.0,0.0,5019.5,271.14306640625,5019.5
2,28600,STARFRUIT,5016,24,0.0,0.0,0.0,0.0,5018,1,5021.0,5.0,5023.0,24.0,5017.0,271.46923828125,5019.611111111111
2,28700,STARFRUIT,5017,4,5016.0,26.0,0.0,0.0,5023,26,0.0,0.0,0.0,0.0,5020.0,273.0,5019.321428571428
2,28800,STARFRUIT,5016,21,0.0,0.0,0.0,0.0,5021,3,5022.0,1.0,5023.0,20.0,5018.5,273.0,5019.577777777778
2,28900,STARFRUIT,5016,22,0.0,0.0,0.0,0.0,5021,2,5023.0,22.0,0.0,0.0,5018.5,273.0,5019.565217391304
2,29000,STARFRUIT,5016,26,0.0,0.0,0.0,0.0,5023,26,0.0,0.0,0.0,0.0,5019.5,273.0,5019.5
2,29100,STARFRUIT,5016,25,0.0,0.0,0.0,0.0,5021,8,5023.0,25.0,0.0,0.0,5018.5,273.0,5019.706896551724
2,29200,STARFRUIT,5017,2,5016.0,20.0,0.0,0.0,5023,2,5024.0,20.0,0.0,0.0,5020.0,273.0,5020.0
2,29300,STARFRUIT,5017,29,0.0,0.0,0.0,0.0,5024,29,0.0,0.0,0.0,0.0,5020.5,273.0,5020.5
2,29400,STARFRUIT,5017,26,0.0,0.0,0.0,0.0,5022,1,5024.0,26.0,0.0,0.0,5019.5,273.0,5020.528301886792
2,29500,STARFRUIT,5018,7,5017.0,24.0,0.0,0.0,5024,24,0.0,0.0,0.0,0.0,5021.0,273.0,5020.181818181818
2,29600,STARFRUIT,5017,24,0.0,0.0,0.0,0.0,5018,3,5024.0,24.0,0.0,0.0,5017.5,273.0,5020.35294117647
2,29700,STARFRUIT,5017,27,0.0,0.0,0.0,0.0,5020,3,5022.0,5.0,5024.0,27.0,5018.5,273.0,5020.596774193548
2,29800,STARFRUIT,5018,1,5017.0,30.0,0.0,0.0,5024,31,0.0,0.0,0.0,0.0,5021.0,273.0,5020.5161290322585
2,29900,STARFRUIT,5017,32,0.0,0.0,0.0,0.0,5024,32,0.0,0.0,0.0,0.0,5020.5,273.0,5020.5
2,30000,STARFRUIT,5018,4,5017.0,30.0,0.0,0.0,5024,30,0.0,0.0,0.0,0.0,5021.0,273.0,5020.34375
2,30100,STARFRUIT,5017,27,0.0,0.0,0.0,0.0,5024,27,0.0,0.0,0.0,0.0,5020.5,273.0,5020.5
2,30200,STARFRUIT,5017,30,0.0,0.0,0.0,0.0,5022,7,5024.0,30.0,0.0,0.0,5019.5,273.0,5020.6567164179105
2,30300,STARFRUIT,5017,26,0.0,0.0,0.0,0.0,5024,26,0.0,0.0,0.0,0.0,5020.5,273.0,5020.5
2,30400,STARFRUIT,5017,23,0.0,0.0,0.0,0.0,5024,23,0.0,0.0,0.0,0.0,5020.5,273.0,5020.5
2,30500,STARFRUIT,5018,1,5017.0,28.0,0.0,0.0,5024,30,0.0,0.0,0.0,0.0,5021.0,316.21875,5020.576271186441
2,30600,STARFRUIT,5018,29,0.0,0.0,0.0,0.0,5025,29,0.0,0.0,0.0,0.0,5021.5,326.53125,5021.5
2,30700,STARFRUIT,5023,1,5018.0,30.0,0.0,0.0,5025,30,0.0,0.0,0.0,0.0,5024.0,328.34765625,5021.524590163935
2,30800,STARFRUIT,5024,1,5019.0,3.0,5018.0,29.0,5025,29,0.0,0.0,0.0,0.0,5024.5,331.8046875,5021.419354838709
2,30900,STARFRUIT,5018,23,0.0,0.0,0.0,0.0,5024,1,5025.0,22.0,0.0,0.0,5021.0,329.1796875,5021.478260869565
2,31000,STARFRUIT,5018,24,0.0,0.0,0.0,0.0,5023,6,5025.0,24.0,0.0,0.0,5020.5,335.12109375,5021.666666666667
2,31100,STARFRUIT,5018,28,0.0,0.0,0.0,0.0,5025,1,5026.0,28.0,0.0,0.0,5021.5,338.02734375,5022.0526315789475
2,31200,STARFRUIT,5019,2,5018.0,20.0,0.0,0.0,5024,6,5025.0,2.0,5026.0,20.0,5021.5,338.03125,5022.24
2,31300,STARFRUIT,5019,29,0.0,0.0,0.0,0.0,5026,29,0.0,0.0,0.0,0.0,5022.5,342.0078125,5022.5
2,31400,STARFRUIT,5019,26,0.0,0.0,0.0,0.0,5024,2,5026.0,27.0,0.0,0.0,5021.5,340.14453125,5022.618181818182
2,31500,STARFRUIT,5025,1,5019.0,25.0,0.0,0.0,5026,25,0.0,0.0,0.0,0.0,5025.5,344.4140625,5022.549019607844
2,31600,STARFRUIT,5019,26,0.0,0.0,0.0,0.0,5026,26,0.0,0.0,0.0,0.0,5022.5,348.59765625,5022.5
2,31700,STARFRUIT,5020,21,0.0,0.0,0.0,0.0,5025,8,5027.0,21.0,0.0,0.0,5022.5,356.44921875,5023.74
2,31800,STARFRUIT,5021,1,5020.0,30.0,0.0,0.0,5025,3,5027.0,31.0,0.0,0.0,5023.0,358.703125,5023.584615384615
2,31900,STARFRUIT,5021,28,0.0,0.0,0.0,0.0,5028,28,0.0,0.0,0.0,0.0,5024.5,364.09375,5024.5
2,32000,STARFRUIT,5021,29,0.0,0.0,0.0,0.0,5026,8,5028.0,29.0,0.0,0.0,5023.5,364.8046875,5024.681818181818
2,32100,STARFRUIT,5022,1,5021.0,27.0,0.0,0.0,5027,2,5028.0,25.0,0.0,0.0,5024.5,365.4765625,5024.418181818181
2,32200,STARFRUIT,5022,30,0.0,0.0,0.0,0.0,5029,30,0.0,0.0,0.0,0.0,5025.5,375.13671875,5025.5
2,32300,STARFRUIT,5021,20,0.0,0.0,0.0,0.0,5028,20,0.0,0.0,0.0,0.0,5024.5,371.30859375,5024.5
2,32400,STARFRUIT,5022,2,5021.0,30.0,0.0,0.0,5028,30,0.0,0.0,0.0,0.0,5025.0,367.1796875,5024.419354838709
2,32500,STARFRUIT,5022,31,0.0,0.0,0.0,0.0,5028,1,5029.0,30.0,0.0,0.0,5025.0,373.78125,5025.4838709677415
2,32600,STARFRUIT,5023,4,5022.0,21.0,0.0,0.0,5029,21,0.0,0.0,0.0,0.0,5026.0,375.9375,5025.282608695652
2,32700,STARFRUIT,5022,24,0.0,0.0,0.0,0.0,5029,24,0.0,0.0,0.0,0.0,5025.5,379.26953125,5025.5
2,32800,STARFRUIT,5022,30,0.0,0.0,0.0,0.0,5029,30,0.0,0.0,0.0,0.0,5025.5,378.58984375,5025.5
2,32900,STARFRUIT,5022,29,0.0,0.0,0.0,0.0,5027,8,5029.0,29.0,0.0,0.0,5024.5,379.4453125,5025.681818181818
2,33000,STARFRUIT,5023,4,5022.0,27.0,0.0,0.0,5029,27,0.0,0.0,0.0,0.0,5026.0,377.8359375,5025.327586206897
2,33100,STARFRUIT,5027,1,5022.0,24.0,0.0,0.0,5029,24,0.0,0.0,0.0,0.0,5028.0,377.46484375,5025.530612244898
2,33200,STARFRUIT,5027,1,5022.0,28.0,0.0,0.0,5029,28,0.0,0.0,0.0,0.0,5028.0,377.76171875,5025.526315789473
2,33300,STARFRUIT,5021,30,0.0,0.0,0.0,0.0,5026,5,5028.0,30.0,0.0,0.0,5023.5,377.7734375,5024.615384615385
2,33400,STARFRUIT,5022,25,0.0,0.0,0.0,0.0,5029,25,0.0,0.0,0.0,0.0,5025.5,380.890625,5025.5
2,33500,STARFRUIT,5022,21,0.0,0.0,0.0,0.0,5027,4,5029.0,21.0,0.0,0.0,5024.5,380.865234375,5025.630434782609
2,33600,STARFRUIT,5022,28,0.0,0.0,0.0,0.0,5028,2,5029.0,26.0,0.0,0.0,5025.0,379.130859375,5025.464285714285
2,33700,STARFRUIT,5022,32,0.0,0.0,0.0,0.0,5028,2,5029.0,30.0,0.0,0.0,5025.0,378.625,5025.46875
2,33800,STARFRUIT,5022,30,0.0,0.0,0.0,0.0,5027,4,5029.0,30.0,0.0,0.0,5024.5,382.16796875,5025.59375
2,33900,STARFRUIT,5021,22,0.0,0.0,0.0,0.0,5028,22,0.0,0.0,0.0,0.0,5024.5,377.13671875,5024.5
2,34000,STARFRUIT,5022,31,0.0,0.0,0.0,0.0,5029,31,0.0,0.0,0.0,0.0,5025.5,379.8125,5025.5
2,34100,STARFRUIT,5022,29,0.0,0.0,0.0,0.0,5028,1,5029.0,28.0,0.0,0.0,5025.0,378.78515625,5025.482758620689
2,34200,STARFRUIT,5022,23,0.0,0.0,0.0,0.0,5027,5,5029.0,23.0,0.0,0.0,5024.5,379.453125,5025.64705882353
2,34300,STARFRUIT,5021,25,0.0,0.0,0.0,0.0,5022,1,5024.0,5.0,5028.0,25.0,5021.5,377.4453125,5024.410714285715
2,34400,STARFRUIT,5021,31,0.0,0.0,0.0,0.0,5028,31,0.0,0.0,0.0,0.0,5024.5,360.0,5024.5
2,34500,STARFRUIT,5021,1,5020.0,29.0,0.0,0.0,5027,30,0.0,0.0,0.0,0.0,5024.0,360.0,5023.516666666666
2,34600,STARFRUIT,5021,1,5020.0,21.0,0.0,0.0,5027,22,0.0,0.0,0.0,0.0,5024.0,360.0,5023.522727272727
2,34700,STARFRUIT,5020,25,0.0,0.0,0.0,0.0,5027,25,0.0,0.0,0.0,0.0,5023.5,360.0,5023.5
2,34800,STARFRUIT,5020,8,5019.0,27.0,0.0,0.0,5026,29,0.0,0.0,0.0,0.0,5023.0,360.0,5022.296875
2,34900,STARFRUIT,5019,22,0.0,0.0,0.0,0.0,5025,2,5026.0,20.0,0.0,0.0,5022.0,360.0,5022.454545454545
2,35000,STARFRUIT,5019,25,0.0,0.0,0.0,0.0,5026,25,0.0,0.0,0.0,0.0,5022.5,360.0,5022.5
2,35100,STARFRUIT,5019,27,0.0,0.0,0.0,0.0,5026,27,0.0,0.0,0.0,0.0,5022.5,360.0,5022.5
2,35200,STARFRUIT,5020,2,5019.0,22.0,0.0,0.0,5026,24,0.0,0.0,0.0,0.0,5023.0,365.52734375,5022.541666666667
2,35300,STARFRUIT,5020,4,5019.0,30.0,0.0,0.0,5026,30,0.0,0.0,0.0,0.0,5023.0,360.0,5022.34375
2,35400,STARFRUIT,5019,28,0.0,0.0,0.0,0.0,5026,28,0.0,0.0,0.0,0.0,5022.5,360.0,5022.5
2,35500,STARFRUIT,5019,23,0.0,0.0,0.0,0.0,5025,2,5026.0,21.0,0.0,0.0,5022.0,372.09375,5022.45652173913
2,35600,STARFRUIT,5019,30,0.0,0.0,0.0,0.0,5024,2,5026.0,30.0,0.0,0.0,5021.5,374.578125,5022.548387096775
2,35700,STARFRUIT,5019,25,0.0,0.0,0.0,0.0,5024,1,5026.0,25.0,0.0,0.0,5021.5,376.67578125,5022.529411764706
2,35800,STARFRUIT,5024,1,5019.0,21.0,0.0,0.0,5026,21,0.0,0.0,0.0,0.0,5025.0,374.607421875,5022.53488372093
2,35900,STARFRUIT,5019,31,0.0,0.0,0.0,0.0,5026,31,0.0,0.0,0.0,0.0,5022.5,375.359375,5022.5
2,36000,STARFRUIT,5018,26,0.0,0.0,0.0,0.0,5020,2,5023.0,6.0,5025.0,26.0,5019.0,372.427734375,5021.6
2,36100,STARFRUIT,5019,6,5018.0,24.0,0.0,0.0,5025,24,0.0,0.0,0.0,0.0,5022.0,359.0,5021.222222222223
2,36200,STARFRUIT,5019,3,5018.0,28.0,0.0,0.0,5025,30,0.0,0.0,0.0,0.0,5022.0,359.0,5021.491803278688
2,36300,STARFRUIT,5019,28,0.0,0.0,0.0,0.0,5026,28,0.0,0.0,0.0,0.0,5022.5,359.0,5022.5
2,36400,STARFRUIT,5019,27,0.0,0.0,0.0,0.0,5024,3,5025.0,1.0,5026.0,26.0,5021.5,359.0,5022.561403508772
2,36500,STARFRUIT,5019,2,5018.0,22.0,0.0,0.0,5025,24,0.0,0.0,0.0,0.0,5022.0,359.0,5021.541666666667
2,36600,STARFRUIT,5019,22,0.0,0.0,0.0,0.0,5020,3,5026.0,22.0,0.0,0.0,5019.5,359.0,5022.340425531915
2,36700,STARFRUIT,5019,30,0.0,0.0,0.0,0.0,5026,30,0.0,0.0,0.0,0.0,5022.5,359.0,5022.5
2,36800,STARFRUIT,5019,29,0.0,0.0,0.0,0.0,5026,29,0.0,0.0,0.0,0.0,5022.5,359.0,5022.5
2,36900,STARFRUIT,5019,7,5018.0,27.0,0.0,0.0,5025,27,0.0,0.0,0.0,0.0,5022.0,359.0,5021.213114754099
2,37000,STARFRUIT,5019,1,5018.0,26.0,0.0,0.0,5025,27,0.0,0.0,0.0,0.0,5022.0,359.0,5021.518518518518
2,37100,STARFRUIT,5024,1,5023.0,3.0,5018.0,26.0,5025,26,0.0,0.0,0.0,0.0,5024.5,359.0,5021.625
2,37200,STARFRUIT,5024,9,5022.0,3.0,5019.0,27.0,5026,27,0.0,0.0,0.0,0.0,5025.0,362.732421875,5022.681818181818
2,37300,STARFRUIT,5019,25,0.0,0.0,0.0,0.0,5026,25,0.0,0.0,0.0,0.0,5022.5,376.08984375,5022.5
2,37400,STARFRUIT,5019,22,0.0,0.0,0.0,0.0,5026,22,0.0,0.0,0.0,0.0,5022.5,377.10546875,5022.5
2,37500,STARFRUIT,5024,2,5019.0,27.0,0.0,0.0,5026,27,0.0,0.0,0.0,0.0,5025.0,375.3046875,5022.553571428572
2,37600,STARFRUIT,5020,24,0.0,0.0,0.0,0.0,5023,5,5027.0,24.0,0.0,0.0,5021.5,366.328125,5023.452830188679
2,37700,STARFRUIT,5020,25,0.0,0.0,0.0,0.0,5026,1,5027.0,24.0,0.0,0.0,5023.0,368.1640625,5023.48
2,37800,STARFRUIT,5026,1,5023.0,6.0,5020.0,32.0,5027,32,0.0,0.0,0.0,0.0,5026.5,360.2265625,5023.492957746479
2,37900,STARFRUIT,5026,1,5020.0,28.0,0.0,0.0,5027,28,0.0,0.0,0.0,0.0,5026.5,363.40625,5023.543859649123
2,38000,STARFRUIT,5020,2,5019.0,31.0,0.0,0.0,5026,31,0.0,0.0,0.0,0.0,5023.0,384.265625,5022.421875
2,38100,STARFRUIT,5021,8,5020.0,29.0,0.0,0.0,5026,1,5027.0,28.0,0.0,0.0,5023.5,374.953125,5023.181818181818
2,38200,STARFRUIT,5020,4,5019.0,25.0,0.0,0.0,5026,26,0.0,0.0,0.0,0.0,5023.0,378.5546875,5022.381818181818
2,38300,STARFRUIT,5025,1,5020.0,1.0,5019.0,20.0,5026,21,0.0,0.0,0.0,0.0,5025.5,379.7890625,5022.581395348837
2,38400,STARFRUIT,5020,1,5019.0,24.0,0.0,0.0,5026,25,0.0,0.0,0.0,0.0,5023.0,380.1015625,5022.52
2,38500,STARFRUIT,5020,22,0.0,0.0,0.0,0.0,5027,22,0.0,0.0,0.0,0.0,5023.5,377.109375,5023.5
2,38600,STARFRUIT,5020,29,0.0,0.0,0.0,0.0,5026,1,5027.0,28.0,0.0,0.0,5023.0,380.328125,5023.482758620689
2,38700,STARFRUIT,5020,28,0.0,0.0,0.0,0.0,5027,28,0.0,0.0,0.0,0.0,5023.5,380.8125,5023.5
2,38800,STARFRUIT,5020,31,0.0,0.0,0.0,0.0,5026,1,5027.0,30.0,0.0,0.0,5023.0,378.6640625,5023.4838709677415
2,38900,STARFRUIT,5020,1,5019.0,29.0,0.0,0.0,5026,30,0.0,0.0,0.0,0.0,5023.0,384.046875,5022.516666666666
2,39000,STARFRUIT,5019,26,0.0,0.0,0.0,0.0,5021,5,5026.0,26.0,0.0,0.0,5020.0,389.890625,5022.368421052632
2,39100,STARFRUIT,5018,30,0.0,0.0,0.0,0.0,5025,30,0.0,0.0,0.0,0.0,5021.5,403.484375,5021.5
2,39200,STARFRUIT,5019,29,0.0,0.0,0.0,0.0,5020,5,5025.0,1.0,5026.0,29.0,5019.5,401.84375,5022.34375
2,39300,STARFRUIT,5024,1,5019.0,1.0,5018.0,28.0,5025,29,0.0,0.0,0.0,0.0,5024.5,413.578125,5021.559322033899
2,39400,STARFRUIT,5019,21,0.0,0.0,0.0,0.0,5026,21,0.0,0.0,0.0,0.0,5022.5,409.40625,5022.5
2,39500,STARFRUIT,5024,7,5019.0,20.0,0.0,0.0,5026,20,0.0,0.0,0.0,0.0,5025.0,411.4921875,5022.723404255319
2,39600,STARFRUIT,5019,2,5018.0,25.0,0.0,0.0,5025,27,0.0,0.0,0.0,0.0,5022.0,425.1171875,5021.537037037037
2,39700,STARFRUIT,5018,22,0.0,0.0,0.0,0.0,5019,4,5025.0,22.0,0.0,0.0,5018.5,433.203125,5021.291666666667
2,39800,STARFRUIT,5023,1,5018.0,27.0,0.0,0.0,5025,27,0.0,0.0,0.0,0.0,5024.0,443.625,5021.527272727273
2,39900,STARFRUIT,5019,3,5018.0,24.0,0.0,0.0,5025,24,0.0,0.0,0.0,0.0,5022.0,441.828125,5021.35294117647
2,40000,STARFRUIT,5019,1,5018.0,24.0,0.0,0.0,5025,25,0.0,0.0,0.0,0.0,5022.0,437.5390625,5021.52
2,40100,STARFRUIT,5019,23,0.0,0.0,0.0,0.0,5026,23,0.0,0.0,0.0,0.0,5022.5,430.5,5022.5
2,40200,STARFRUIT,5019,23,0.0,0.0,0.0,0.0,5024,5,5025.0,2.0,5026.0,21.0,5021.5,433.921875,5022.607843137255
2,40300,STARFRUIT,5019,22,0.0,0.0,0.0,0.0,5026,22,0.0,0.0,0.0,0.0,5022.5,435.484375,5022.5
2,40400,STARFRUIT,5019,27,0.0,0.0,0.0,0.0,5026,27,0.0,0.0,0.0,0.0,5022.5,433.5078125,5022.5
2,40500,STARFRUIT,5019,26,0.0,0.0,0.0,0.0,5026,26,0.0,0.0,0.0,0.0,5022.5,424.984375,5022.5
2,40600,STARFRUIT,5019,21,0.0,0.0,0.0,0.0,5026,22,0.0,0.0,0.0,0.0,5022.5,429.859375,5022.581395348837
2,40700,STARFRUIT,5020,3,5019.0,29.0,0.0,0.0,5026,29,0.0,0.0,0.0,0.0,5023.0,433.5546875,5022.377049180328
2,40800,STARFRUIT,5019,28,0.0,0.0,0.0,0.0,5026,29,0.0,0.0,0.0,0.0,5022.5,430.734375,5022.561403508772
2,40900,STARFRUIT,5020,7,5019.0,21.0,0.0,0.0,5026,21,0.0,0.0,0.0,0.0,5023.0,422.9453125,5022.142857142857
2,41000,STARFRUIT,5021,6,5020.0,25.0,0.0,0.0,5027,25,0.0,0.0,0.0,0.0,5024.0,418.015625,5023.232142857143
2,41100,STARFRUIT,5025,1,5020.0,22.0,0.0,0.0,5027,22,0.0,0.0,0.0,0.0,5026.0,418.578125,5023.533333333334
2,41200,STARFRUIT,5020,1,5019.0,21.0,0.0,0.0,5026,22,0.0,0.0,0.0,0.0,5023.0,422.734375,5022.522727272727
2,41300,STARFRUIT,5025,1,5020.0,23.0,0.0,0.0,5027,23,0.0,0.0,0.0,0.0,5026.0,419.8671875,5023.531914893617
2,41400,STARFRUIT,5019,32,0.0,0.0,0.0,0.0,5026,32,0.0,0.0,0.0,0.0,5022.5,429.546875,5022.5
2,41500,STARFRUIT,5020,1,5019.0,30.0,0.0,0.0,5026,31,0.0,0.0,0.0,0.0,5023.0,424.5390625,5022.5161290322585
2,41600,STARFRUIT,5025,1,5019.0,28.0,0.0,0.0,5026,28,0.0,0.0,0.0,0.0,5025.5,425.296875,5022.543859649123
2,41700,STARFRUIT,5020,28,0.0,0.0,0.0,0.0,5026,1,5027.0,27.0,0.0,0.0,5023.0,422.390625,5023.482142857143
2,41800,STARFRUIT,5019,28,0.0,0.0,0.0,0.0,5026,28,0.0,0.0,0.0,0.0,5022.5,434.0,5022.5
2,41900,STARFRUIT,5019,28,0.0,0.0,0.0,0.0,5024,4,5026.0,28.0,0.0,0.0,5021.5,430.7578125,5022.6
2,42000,STARFRUIT,5019,29,0.0,0.0,0.0,0.0,5026,29,0.0,0.0,0.0,0.0,5022.5,435.25,5022.5
2,42100,STARFRUIT,5019,25,0.0,0.0,0.0,0.0,5026,25,0.0,0.0,0.0,0.0,5022.5,434.0078125,5022.5
2,42200,STARFRUIT,5019,29,0.0,0.0,0.0,0.0,5020,1,5026.0,29.0,0.0,0.0,5019.5,433.65625,5022.457627118644
2,42300,STARFRUIT,5019,28,0.0,0.0,0.0,0.0,5026,28,0.0,0.0,0.0,0.0,5022.5,430.5234375,5022.5
2,42400,STARFRUIT,5019,21,0.0,0.0,0.0,0.0,5024,7,5026.0,21.0,0.0,0.0,5021.5,438.4921875,5022.714285714285
2,42500,STARFRUIT,5019,30,0.0,0.0,0.0,0.0,5026,30,0.0,0.0,0.0,0.0,5022.5,435.75,5022.5
2,42600,STARFRUIT,5020,20,0.0,0.0,0.0,0.0,5027,21,0.0,0.0,0.0,0.0,5023.5,423.7421875,5023.585365853659
2,42700,STARFRUIT,5019,28,0.0,0.0,0.0,0.0,5026,28,0.0,0.0,0.0,0.0,5022.5,427.6875,5022.5
2,42800,STARFRUIT,5019,30,0.0,0.0,0.0,0.0,5021,3,5026.0,30.0,0.0,0.0,5020.0,433.984375,5022.428571428572
2,42900,STARFRUIT,5019,24,0.0,0.0,0.0,0.0,5026,24,0.0,0.0,0.0,0.0,5022.5,433.3359375,5022.5
2,43000,STARFRUIT,5019,1,5018.0,22.0,0.0,0.0,5023,4,5025.0,23.0,0.0,0.0,5021.0,448.171875,5021.64
2,43100,STARFRUIT,5020,2,5019.0,25.0,0.0,0.0,5025,2,5026.0,23.0,0.0,0.0,5022.5,442.7578125,5022.365384615385
2,43200,STARFRUIT,5020,26,0.0,0.0,0.0,0.0,5025,5,5026.0,1.0,5027.0,25.0,5022.5,426.1640625,5023.6140350877195
2,43300,STARFRUIT,5020,7,5019.0,29.0,0.0,0.0,5026,29,0.0,0.0,0.0,0.0,5023.0,439.1328125,5022.2307692307695
2,43400,STARFRUIT,5019,24,0.0,0.0,0.0,0.0,5026,24,0.0,0.0,0.0,0.0,5022.5,439.6015625,5022.5
2,43500,STARFRUIT,5019,24,0.0,0.0,0.0,0.0,5024,2,5026.0,24.0,0.0,0.0,5021.5,446.5546875,5022.56
2,43600,STARFRUIT,5019,28,0.0,0.0,0.0,0.0,5024,6,5026.0,28.0,0.0,0.0,5021.5,439.5625,5022.645161290323
2,43700,STARFRUIT,5023,4,5019.0,2.0,5018.0,20.0,5025,22,0.0,0.0,0.0,0.0,5024.0,454.703125,5021.666666666667
2,43800,STARFRUIT,5019,27,0.0,0.0,0.0,0.0,5026,28,0.0,0.0,0.0,0.0,5022.5,444.7109375,5022.563636363637
2,43900,STARFRUIT,5019,23,0.0,0.0,0.0,0.0,5024,4,5026.0,23.0,0.0,0.0,5021.5,439.9453125,5022.62
2,44000,STARFRUIT,5020,3,5019.0,24.0,0.0,0.0,5022,5,5026.0,24.0,0.0,0.0,5021.0,441.140625,5022.321428571428
2,44100,STARFRUIT,5020,24,0.0,0.0,0.0,0.0,5027,24,0.0,0.0,0.0,0.0,5023.5,426.71875,5023.5
2,44200,STARFRUIT,5025,1,5020.0,28.0,0.0,0.0,5027,28,0.0,0.0,0.0,0.0,5026.0,425.0703125,5023.526315789473
2,44300,STARFRUIT,5021,24,0.0,0.0,0.0,0.0,5028,24,0.0,0.0,0.0,0.0,5024.5,411.4296875,5024.5
2,44400,STARFRUIT,5021,25,0.0,0.0,0.0,0.0,5026,1,5027.0,1.0,5028.0,24.0,5023.5,411.375,5024.509803921569
2,44500,STARFRUIT,5022,1,5021.0,23.0,0.0,0.0,5028,24,0.0,0.0,0.0,0.0,5025.0,397.1015625,5024.520833333333
2,44600,STARFRUIT,5027,1,5021.0,26.0,0.0,0.0,5028,26,0.0,0.0,0.0,0.0,5027.5,402.2578125,5024.547169811321
2,44700,STARFRUIT,5022,32,0.0,0.0,0.0,0.0,5029,32,0.0,0.0,0.0,0.0,5025.5,353.0,5025.5
2,44800,STARFRUIT,5022,29,0.0,0.0,0.0,0.0,5029,29,0.0,0.0,0.0,0.0,5025.5,353.0,5025.5
2,44900,STARFRUIT,5022,32,0.0,0.0,0.0,0.0,5029,32,0.0,0.0,0.0,0.0,5025.5,353.0,5025.5
2,45000,STARFRUIT,5022,22,0.0,0.0,0.0,0.0,5029,22,0.0,0.0,0.0,0.0,5025.5,353.0,5025.5
2,45100,STARFRUIT,5022,23,0.0,0.0,0.0,0.0,5029,23,0.0,0.0,0.0,0.0,5025.5,357.8330078125,5025.5
2,45200,STARFRUIT,5022,24,0.0,0.0,0.0,0.0,5028,2,5029.0,22.0,0.0,0.0,5025.0,357.1455078125,5025.458333333333
2,45300,STARFRUIT,5027,1,5022.0,2.0,5021.0,23.0,5028,25,0.0,0.0,0.0,0.0,5027.5,356.7587890625,5024.588235294118
2,45400,STARFRUIT,5024,3,5022.0,3.0,5021.0,32.0,5028,32,0.0,0.0,0.0,0.0,5026.0,358.365234375,5024.371428571429
2,45500,STARFRUIT,5021,28,0.0,0.0,0.0,0.0,5027,2,5028.0,27.0,0.0,0.0,5024.0,361.0,5024.526315789473
2,45600,STARFRUIT,5027,1,5021.0,25.0,0.0,0.0,5028,25,0.0,0.0,0.0,0.0,5027.5,361.0,5024.549019607844
2,45700,STARFRUIT,5022,1,5021.0,30.0,0.0,0.0,5028,31,0.0,0.0,0.0,0.0,5025.0,363.0595703125,5024.5161290322585
2,45800,STARFRUIT,5026,3,5022.0,7.0,5021.0,29.0,5028,31,0.0,0.0,0.0,0.0,5027.0,363.1640625,5024.414285714286
2,45900,STARFRUIT,5023,3,5022.0,32.0,0.0,0.0,5029,32,0.0,0.0,0.0,0.0,5026.0,364.732421875,5025.388059701492
2,46000,STARFRUIT,5021,27,0.0,0.0,0.0,0.0,5028,27,0.0,0.0,0.0,0.0,5024.5,367.03515625,5024.5
2,46100,STARFRUIT,5021,27,0.0,0.0,0.0,0.0,5027,2,5028.0,25.0,0.0,0.0,5024.0,369.103515625,5024.462962962963
2,46200,STARFRUIT,5021,30,0.0,0.0,0.0,0.0,5028,30,0.0,0.0,0.0,0.0,5024.5,366.849609375,5024.5
2,46300,STARFRUIT,5022,2,5021.0,20.0,0.0,0.0,5028,22,0.0,0.0,0.0,0.0,5025.0,366.884765625,5024.545454545455
2,46400,STARFRUIT,5021,30,0.0,0.0,0.0,0.0,5028,30,0.0,0.0,0.0,0.0,5024.5,367.01953125,5024.5
2,46500,STARFRUIT,5022,1,5021.0,26.0,0.0,0.0,5028,27,0.0,0.0,0.0,0.0,5025.0,366.125,5024.518518518518
2,46600,STARFRUIT,5028,1,5023.0,4.0,5022.0,28.0,5029,30,0.0,0.0,0.0,0.0,5028.5,362.81640625,5025.492063492064
2,46700,STARFRUIT,5022,27,0.0,0.0,0.0,0.0,5029,27,0.0,0.0,0.0,0.0,5025.5,366.2734375,5025.5
2,46800,STARFRUIT,5023,1,5022.0,20.0,0.0,0.0,5029,1,5030.0,20.0,0.0,0.0,5026.0,364.037109375,5026.0
2,46900,STARFRUIT,5023,25,0.0,0.0,0.0,0.0,5028,1,5030.0,25.0,0.0,0.0,5025.5,362.826171875,5026.529411764706
2,47000,STARFRUIT,5023,29,0.0,0.0,0.0,0.0,5030,29,0.0,0.0,0.0,0.0,5026.5,361.673828125,5026.5
2,47100,STARFRUIT,5023,26,0.0,0.0,0.0,0.0,5030,26,0.0,0.0,0.0,0.0,5026.5,361.744140625,5026.5
2,47200,STARFRUIT,5023,27,0.0,0.0,0.0,0.0,5030,27,0.0,0.0,0.0,0.0,5026.5,361.341796875,5026.5
2,47300,STARFRUIT,5023,29,0.0,0.0,0.0,0.0,5030,30,0.0,0.0,0.0,0.0,5026.5,361.7734375,5026.559322033899
2,47400,STARFRUIT,5024,8,5023.0,29.0,0.0,0.0,5030,29,0.0,0.0,0.0,0.0,5027.0,361.333984375,5026.19696969697
2,47500,STARFRUIT,5023,26,0.0,0.0,0.0,0.0,5030,26,0.0,0.0,0.0,0.0,5026.5,405.6484375,5026.5
2,47600,STARFRUIT,5024,2,5023.0,22.0,0.0,0.0,5030,22,0.0,0.0,0.0,0.0,5027.0,410.12109375,5026.391304347826
2,47700,STARFRUIT,5023,8,5022.0,23.0,0.0,0.0,5029,25,0.0,0.0,0.0,0.0,5026.0,414.25390625,5025.267857142857
2,47800,STARFRUIT,5023,26,0.0,0.0,0.0,0.0,5029,1,5030.0,25.0,0.0,0.0,5026.0,413.203125,5026.4807692307695
2,47900,STARFRUIT,5022,29,0.0,0.0,0.0,0.0,5029,29,0.0,0.0,0.0,0.0,5025.5,415.12109375,5025.5
2,48000,STARFRUIT,5022,29,0.0,0.0,0.0,0.0,5027,5,5029.0,29.0,0.0,0.0,5024.5,441.9921875,5025.619047619048
2,48100,STARFRUIT,5023,2,5022.0,21.0,0.0,0.0,5029,2,5030.0,21.0,0.0,0.0,5026.0,431.6953125,5026.0
2,48200,STARFRUIT,5022,26,0.0,0.0,0.0,0.0,5029,26,0.0,0.0,0.0,0.0,5025.5,438.1640625,5025.5
2,48300,STARFRUIT,5028,1,5023.0,7.0,5022.0,26.0,5029,26,0.0,0.0,0.0,0.0,5028.5,440.59375,5025.25
2,48400,STARFRUIT,5028,1,5023.0,1.0,5022.0,23.0,5029,24,0.0,0.0,0.0,0.0,5028.5,436.4140625,5025.571428571428
2,48500,STARFRUIT,5023,2,5022.0,22.0,0.0,0.0,5029,24,0.0,0.0,0.0,0.0,5026.0,433.1328125,5025.541666666667
2,48600,STARFRUIT,5028,1,5023.0,29.0,0.0,0.0,5029,1,5030.0,28.0,0.0,0.0,5028.5,427.6640625,5026.5084745762715
2,48700,STARFRUIT,5022,29,0.0,0.0,0.0,0.0,5024,1,5029.0,29.0,0.0,0.0,5023.0,392.0,5025.474576271186
2,48800,STARFRUIT,5028,1,5023.0,1.0,5022.0,30.0,5029,31,0.0,0.0,0.0,0.0,5028.5,392.0,5025.555555555556
2,48900,STARFRUIT,5023,1,5022.0,24.0,0.0,0.0,5029,25,0.0,0.0,0.0,0.0,5026.0,394.09375,5025.52
2,49000,STARFRUIT,5022,1,5021.0,21.0,0.0,0.0,5028,22,0.0,0.0,0.0,0.0,5025.0,395.02490234375,5024.522727272727
2,49100,STARFRUIT,5022,25,0.0,0.0,0.0,0.0,5025,5,5029.0,25.0,0.0,0.0,5023.5,394.5078125,5025.454545454545
2,49200,STARFRUIT,5023,23,0.0,0.0,0.0,0.0,5029,2,5030.0,21.0,0.0,0.0,5026.0,399.37890625,5026.45652173913
2,49300,STARFRUIT,5024,2,5023.0,32.0,0.0,0.0,5029,2,5030.0,30.0,0.0,0.0,5026.5,399.5078125,5026.393939393939
2,49400,STARFRUIT,5023,23,0.0,0.0,0.0,0.0,5029,1,5030.0,22.0,0.0,0.0,5026.0,399.75390625,5026.478260869565
2,49500,STARFRUIT,5023,2,5022.0,22.0,0.0,0.0,5029,24,0.0,0.0,0.0,0.0,5026.0,398.70703125,5025.541666666667
2,49600,STARFRUIT,5022,28,0.0,0.0,0.0,0.0,5023,2,5027.0,5.0,5029.0,28.0,5022.5,396.9921875,5025.539682539683
2,49700,STARFRUIT,5022,21,0.0,0.0,0.0,0.0,5029,22,0.0,0.0,0.0,0.0,5025.5,383.0,5025.581395348837
2,49800,STARFRUIT,5022,23,0.0,0.0,0.0,0.0,5027,5,5029.0,23.0,0.0,0.0,5024.5,383.0,5025.64705882353
2,49900,STARFRUIT,5027,1,5022.0,30.0,0.0,0.0,5029,30,0.0,0.0,0.0,0.0,5028.0,383.0,5025.524590163935
2,50000,STARFRUIT,5022,25,0.0,0.0,0.0,0.0,5027,1,5029.0,25.0,0.0,0.0,5024.5,384.08203125,5025.529411764706
2,50100,STARFRUIT,5025,5,5022.0,26.0,0.0,0.0,5029,26,0.0,0.0,0.0,0.0,5027.0,384.4287109375,5025.456140350877
2,50200,STARFRUIT,5022,31,0.0,0.0,0.0,0.0,5029,31,0.0,0.0,0.0,0.0,5025.5,384.0,5025.5
2,50300,STARFRUIT,5021,26,0.0,0.0,0.0,0.0,5028,26,0.0,0.0,0.0,0.0,5024.5,384.0,5024.5
2,50400,STARFRUIT,5026,1,5021.0,27.0,0.0,0.0,5028,27,0.0,0.0,0.0,0.0,5027.0,384.0,5024.527272727273
2,50500,STARFRUIT,5022,6,5021.0,31.0,0.0,0.0,5024,2,5028.0,31.0,0.0,0.0,5023.0,385.4873046875,5024.271428571428
2,50600,STARFRUIT,5022,2,5021.0,24.0,0.0,0.0,5023,4,5028.0,24.0,0.0,0.0,5022.5,386.623046875,5024.2962962962965
2,50700,STARFRUIT,5022,1,5021.0,28.0,0.0,0.0,5028,28,0.0,0.0,0.0,0.0,5025.0,384.0,5024.456140350877
2,50800,STARFRUIT,5022,5,5021.0,22.0,0.0,0.0,5028,22,0.0,0.0,0.0,0.0,5025.0,384.0,5024.244897959184
2,50900,STARFRUIT,5022,4,5021.0,26.0,0.0,0.0,5027,2,5028.0,24.0,0.0,0.0,5024.5,384.0,5024.285714285715
2,51000,STARFRUIT,5026,1,5021.0,24.0,0.0,0.0,5027,2,5028.0,22.0,0.0,0.0,5026.5,384.0,5024.489795918367
2,51100,STARFRUIT,5021,21,0.0,0.0,0.0,0.0,5026,6,5028.0,21.0,0.0,0.0,5023.5,385.73583984375,5024.6875
2,51200,STARFRUIT,5021,22,0.0,0.0,0.0,0.0,5027,2,5028.0,20.0,0.0,0.0,5024.0,385.82568359375,5024.454545454545
2,51300,STARFRUIT,5020,27,0.0,0.0,0.0,0.0,5025,2,5027.0,27.0,0.0,0.0,5022.5,386.2568359375,5023.553571428572
2,51400,STARFRUIT,5020,26,0.0,0.0,0.0,0.0,5027,26,0.0,0.0,0.0,0.0,5023.5,385.0,5023.5
2,51500,STARFRUIT,5020,22,0.0,0.0,0.0,0.0,5026,1,5027.0,21.0,0.0,0.0,5023.0,385.0,5023.477272727273
2,51600,STARFRUIT,5019,28,0.0,0.0,0.0,0.0,5024,1,5025.0,2.0,5026.0,26.0,5021.5,385.0,5022.491228070176
2,51700,STARFRUIT,5018,27,0.0,0.0,0.0,0.0,5025,27,0.0,0.0,0.0,0.0,5021.5,385.0,5021.5
2,51800,STARFRUIT,5019,22,0.0,0.0,0.0,0.0,5026,22,0.0,0.0,0.0,0.0,5022.5,385.0,5022.5
2,51900,STARFRUIT,5018,28,0.0,0.0,0.0,0.0,5025,28,0.0,0.0,0.0,0.0,5021.5,388.5498046875,5021.5
2,52000,STARFRUIT,5019,1,5018.0,26.0,0.0,0.0,5020,4,5025.0,26.0,0.0,0.0,5019.5,388.873046875,5021.350877192983
2,52100,STARFRUIT,5019,1,5018.0,21.0,0.0,0.0,5025,22,0.0,0.0,0.0,0.0,5022.0,385.8515625,5021.522727272727
2,52200,STARFRUIT,5018,25,0.0,0.0,0.0,0.0,5023,5,5025.0,25.0,0.0,0.0,5020.5,385.71728515625,5021.636363636364
2,52300,STARFRUIT,5019,1,5018.0,22.0,0.0,0.0,5025,23,0.0,0.0,0.0,0.0,5022.0,385.96826171875,5021.521739130435
2,52400,STARFRUIT,5018,24,0.0,0.0,0.0,0.0,5020,3,5025.0,24.0,0.0,0.0,5019.0,385.720703125,5021.411764705882
2,52500,STARFRUIT,5018,2,5017.0,21.0,0.0,0.0,5024,2,5025.0,21.0,0.0,0.0,5021.0,383.0,5021.0
2,52600,STARFRUIT,5023,1,5018.0,25.0,0.0,0.0,5025,25,0.0,0.0,0.0,0.0,5024.0,383.0,5021.529411764706
2,52700,STARFRUIT,5018,23,0.0,0.0,0.0,0.0,5025,23,0.0,0.0,0.0,0.0,5021.5,384.28662109375,5021.5
2,52800,STARFRUIT,5019,1,5018.0,23.0,0.0,0.0,5025,24,0.0,0.0,0.0,0.0,5022.0,384.18310546875,5021.520833333333
2,52900,STARFRUIT,5019,26,0.0,0.0,0.0,0.0,5022,2,5024.0,5.0,5025.0,1.0,5020.5,383.93115234375,5020.088235294118
2,53000,STARFRUIT,5019,30,0.0,0.0,0.0,0.0,5025,2,5026.0,28.0,0.0,0.0,5022.0,386.0,5022.466666666666
2,53100,STARFRUIT,5019,1,5018.0,28.0,0.0,0.0,5025,1,5026.0,28.0,0.0,0.0,5022.0,386.0,5022.0
2,53200,STARFRUIT,5018,27,0.0,0.0,0.0,0.0,5025,27,0.0,0.0,0.0,0.0,5021.5,386.0,5021.5
2,53300,STARFRUIT,5018,29,0.0,0.0,0.0,0.0,5025,29,0.0,0.0,0.0,0.0,5021.5,386.0,5021.5
2,53400,STARFRUIT,5018,28,0.0,0.0,0.0,0.0,5025,28,0.0,0.0,0.0,0.0,5021.5,386.0,5021.5
2,53500,STARFRUIT,5018,23,0.0,0.0,0.0,0.0,5023,5,5025.0,23.0,0.0,0.0,5020.5,386.0,5021.64705882353
2,53600,STARFRUIT,5019,7,5018.0,25.0,0.0,0.0,5025,25,0.0,0.0,0.0,0.0,5022.0,386.0,5021.19298245614
2,53700,STARFRUIT,5018,1,5017.0,24.0,0.0,0.0,5024,25,0.0,0.0,0.0,0.0,5021.0,386.0,5020.52
2,53800,STARFRUIT,5019,3,5018.0,28.0,0.0,0.0,5025,28,0.0,0.0,0.0,0.0,5022.0,386.0,5021.372881355932
2,53900,STARFRUIT,5018,23,0.0,0.0,0.0,0.0,5019,1,5020.0,5.0,5023.0,8.0,5018.5,386.0,5019.378378378378
2,54000,STARFRUIT,5018,23,0.0,0.0,0.0,0.0,5023,3,5025.0,23.0,0.0,0.0,5020.5,386.0,5021.591836734694
2,54100,STARFRUIT,5018,28,0.0,0.0,0.0,0.0,5025,28,0.0,0.0,0.0,0.0,5021.5,386.0,5021.5
2,54200,STARFRUIT,5019,29,0.0,0.0,0.0,0.0,5026,30,0.0,0.0,0.0,0.0,5022.5,386.0,5022.559322033899
2,54300,STARFRUIT,5024,1,5019.0,26.0,0.0,0.0,5026,26,0.0,0.0,0.0,0.0,5025.0,386.0,5022.528301886792
2,54400,STARFRUIT,5024,1,5018.0,24.0,0.0,0.0,5025,24,0.0,0.0,0.0,0.0,5024.5,388.5,5021.551020408163
2,54500,STARFRUIT,5018,23,0.0,0.0,0.0,0.0,5025,23,0.0,0.0,0.0,0.0,5021.5,391.3427734375,5021.5
2,54600,STARFRUIT,5018,23,0.0,0.0,0.0,0.0,5021,5,5025.0,23.0,0.0,0.0,5019.5,391.41796875,5021.450980392156
2,54700,STARFRUIT,5019,22,0.0,0.0,0.0,0.0,5026,22,0.0,0.0,0.0,0.0,5022.5,395.876953125,5022.5
2,54800,STARFRUIT,5019,1,5018.0,25.0,0.0,0.0,5025,26,0.0,0.0,0.0,0.0,5022.0,394.6171875,5021.5192307692305
2,54900,STARFRUIT,5019,25,0.0,0.0,0.0,0.0,5025,1,5026.0,24.0,0.0,0.0,5022.0,395.3955078125,5022.48
2,55000,STARFRUIT,5018,25,0.0,0.0,0.0,0.0,5025,25,0.0,0.0,0.0,0.0,5021.5,394.2109375,5021.5
2,55100,STARFRUIT,5018,23,0.0,0.0,0.0,0.0,5025,23,0.0,0.0,0.0,0.0,5021.5,393.3037109375,5021.5
2,55200,STARFRUIT,5019,5,5018.0,24.0,0.0,0.0,5025,26,0.0,0.0,0.0,0.0,5022.0,394.48828125,5021.4
2,55300,STARFRUIT,5018,28,0.0,0.0,0.0,0.0,5023,2,5025.0,28.0,0.0,0.0,5020.5,393.9658203125,5021.551724137931
2,55400,STARFRUIT,5019,3,5018.0,29.0,0.0,0.0,5025,30,0.0,0.0,0.0,0.0,5022.0,394.63671875,5021.435483870968
2,55500,STARFRUIT,5019,1,5018.0,30.0,0.0,0.0,5025,31,0.0,0.0,0.0,0.0,5022.0,394.48046875,5021.5161290322585
2,55600,STARFRUIT,5018,22,0.0,0.0,0.0,0.0,5023,2,5025.0,22.0,0.0,0.0,5020.5,393.53125,5021.565217391304
2,55700,STARFRUIT,5018,1,5017.0,21.0,0.0,0.0,5022,2,5024.0,22.0,0.0,0.0,5020.0,391.416015625,5020.586956521739
2,55800,STARFRUIT,5018,25,0.0,0.0,0.0,0.0,5025,25,0.0,0.0,0.0,0.0,5021.5,392.0380859375,5021.5
2,55900,STARFRUIT,5022,5,5017.0,29.0,0.0,0.0,5025,29,0.0,0.0,0.0,0.0,5023.5,418.1796875,5021.079365079365
2,56000,STARFRUIT,5022,1,5017.0,28.0,0.0,0.0,5024,28,0.0,0.0,0.0,0.0,5023.0,420.58984375,5020.526315789473
2,56100,STARFRUIT,5017,22,0.0,0.0,0.0,0.0,5022,1,5024.0,22.0,0.0,0.0,5019.5,423.17578125,5020.533333333334
2,56200,STARFRUIT,5018,1,5017.0,30.0,0.0,0.0,5019,3,5024.0,31.0,0.0,0.0,5018.5,422.75390625,5020.446153846154
2,56300,STARFRUIT,5017,27,0.0,0.0,0.0,0.0,5024,27,0.0,0.0,0.0,0.0,5020.5,394.0,5020.5
2,56400,STARFRUIT,5017,28,0.0,0.0,0.0,0.0,5024,28,0.0,0.0,0.0,0.0,5020.5,394.0,5020.5
2,56500,STARFRUIT,5017,30,0.0,0.0,0.0,0.0,5022,6,5023.0,1.0,5024.0,29.0,5019.5,394.0,5020.621212121212
2,56600,STARFRUIT,5017,21,0.0,0.0,0.0,0.0,5022,3,5024.0,21.0,0.0,0.0,5019.5,394.0,5020.6
2,56700,STARFRUIT,5018,6,5017.0,25.0,0.0,0.0,5023,2,5024.0,23.0,0.0,0.0,5020.5,394.0,5020.196428571428
2,56800,STARFRUIT,5017,1,5016.0,27.0,0.0,0.0,5023,28,0.0,0.0,0.0,0.0,5020.0,394.0,5019.517857142857
2,56900,STARFRUIT,5017,1,5016.0,20.0,0.0,0.0,5023,21,0.0,0.0,0.0,0.0,5020.0,394.0,5019.523809523809
2,57000,STARFRUIT,5016,27,0.0,0.0,0.0,0.0,5021,3,5023.0,27.0,0.0,0.0,5018.5,394.0,5019.578947368421
2,57100,STARFRUIT,5016,2,5015.0,25.0,0.0,0.0,5022,25,0.0,0.0,0.0,0.0,5019.0,394.0,5018.403846153846
2,57200,STARFRUIT,5016,1,5015.0,24.0,0.0,0.0,5022,24,0.0,0.0,0.0,0.0,5019.0,394.0,5018.448979591837
2,57300,STARFRUIT,5016,1,5015.0,20.0,0.0,0.0,5022,21,0.0,0.0,0.0,0.0,5019.0,394.0,5018.523809523809
2,57400,STARFRUIT,5015,27,0.0,0.0,0.0,0.0,5022,27,0.0,0.0,0.0,0.0,5018.5,394.0,5018.5
2,57500,STARFRUIT,5016,31,0.0,0.0,0.0,0.0,5022,2,5023.0,29.0,0.0,0.0,5019.0,394.0,5019.467741935484
2,57600,STARFRUIT,5020,3,5015.0,25.0,0.0,0.0,5022,25,0.0,0.0,0.0,0.0,5021.0,394.0,5018.584905660377
2,57700,STARFRUIT,5016,8,5015.0,24.0,0.0,0.0,5022,24,0.0,0.0,0.0,0.0,5019.0,403.9375,5018.142857142857
2,57800,STARFRUIT,5015,29,0.0,0.0,0.0,0.0,5020,7,5022.0,29.0,0.0,0.0,5017.5,400.61328125,5018.661538461539
2,57900,STARFRUIT,5016,23,0.0,0.0,0.0,0.0,5022,1,5023.0,22.0,0.0,0.0,5019.0,395.0546875,5019.478260869565
2,58000,STARFRUIT,5021,1,5016.0,2.0,5015.0,30.0,5022,32,0.0,0.0,0.0,0.0,5021.5,398.08984375,5018.569230769231
2,58100,STARFRUIT,5020,1,5016.0,5.0,5015.0,29.0,5022,29,0.0,0.0,0.0,0.0,5021.0,404.33203125,5018.328125
2,58200,STARFRUIT,5015,2,5014.0,20.0,0.0,0.0,5021,22,0.0,0.0,0.0,0.0,5018.0,412.37890625,5017.545454545455
2,58300,STARFRUIT,5015,25,0.0,0.0,0.0,0.0,5022,25,0.0,0.0,0.0,0.0,5018.5,410.671875,5018.5
2,58400,STARFRUIT,5014,29,0.0,0.0,0.0,0.0,5021,29,0.0,0.0,0.0,0.0,5017.5,421.56640625,5017.5
2,58500,STARFRUIT,5015,5,5014.0,29.0,0.0,0.0,5021,29,0.0,0.0,0.0,0.0,5018.0,419.9765625,5017.3015873015875
2,58600,STARFRUIT,5014,31,0.0,0.0,0.0,0.0,5021,31,0.0,0.0,0.0,0.0,5017.5,418.28515625,5017.5
2,58700,STARFRUIT,5014,20,0.0,0.0,0.0,0.0,5015,3,5021.0,20.0,0.0,0.0,5014.5,419.109375,5017.325581395349
2,58800,STARFRUIT,5015,25,0.0,0.0,0.0,0.0,5022,25,0.0,0.0,0.0,0.0,5018.5,421.8125,5018.5
2,58900,STARFRUIT,5015,2,5014.0,23.0,0.0,0.0,5021,25,0.0,0.0,0.0,0.0,5018.0,423.13671875,5017.54
2,59000,STARFRUIT,5014,30,0.0,0.0,0.0,0.0,5021,30,0.0,0.0,0.0,0.0,5017.5,426.27734375,5017.5
2,59100,STARFRUIT,5016,7,5015.0,29.0,0.0,0.0,5022,29,0.0,0.0,0.0,0.0,5019.0,420.76953125,5018.2307692307695
2,59200,STARFRUIT,5020,7,5015.0,25.0,0.0,0.0,5022,25,0.0,0.0,0.0,0.0,5021.0,421.796875,5018.684210526316
2,59300,STARFRUIT,5016,2,5015.0,26.0,0.0,0.0,5022,26,0.0,0.0,0.0,0.0,5019.0,429.1640625,5018.407407407408
2,59400,STARFRUIT,5016,1,5015.0,23.0,0.0,0.0,5022,24,0.0,0.0,0.0,0.0,5019.0,422.4140625,5018.520833333333
2,59500,STARFRUIT,5015,32,0.0,0.0,0.0,0.0,5022,32,0.0,0.0,0.0,0.0,5018.5,424.5625,5018.5
2,59600,STARFRUIT,5016,25,0.0,0.0,0.0,0.0,5023,25,0.0,0.0,0.0,0.0,5019.5,414.8359375,5019.5
2,59700,STARFRUIT,5016,25,0.0,0.0,0.0,0.0,5023,25,0.0,0.0,0.0,0.0,5019.5,414.4921875,5019.5
2,59800,STARFRUIT,5017,2,5016.0,22.0,0.0,0.0,5022,2,5023.0,20.0,0.0,0.0,5019.5,419.3125,5019.347826086957
2,59900,STARFRUIT,5016,24,0.0,0.0,0.0,0.0,5022,2,5023.0,22.0,0.0,0.0,5019.0,418.84375,5019.458333333333
2,60000,STARFRUIT,5015,26,0.0,0.0,0.0,0.0,5020,7,5022.0,26.0,0.0,0.0,5017.5,424.4921875,5018.677966101695
2,60100,STARFRUIT,5015,24,0.0,0.0,0.0,0.0,5022,24,0.0,0.0,0.0,0.0,5018.5,427.7734375,5018.5
2,60200,STARFRUIT,5015,30,0.0,0.0,0.0,0.0,5021,2,5022.0,28.0,0.0,0.0,5018.0,432.234375,5018.466666666666
2,60300,STARFRUIT,5015,4,5014.0,21.0,0.0,0.0,5021,23,0.0,0.0,0.0,0.0,5018.0,439.625,5017.4375
2,60400,STARFRUIT,5014,28,0.0,0.0,0.0,0.0,5021,28,0.0,0.0,0.0,0.0,5017.5,442.5,5017.5
2,60500,STARFRUIT,5015,25,0.0,0.0,0.0,0.0,5016,4,5022.0,25.0,0.0,0.0,5015.5,430.8671875,5018.314814814815
2,60600,STARFRUIT,5020,1,5014.0,22.0,0.0,0.0,5021,22,0.0,0.0,0.0,0.0,5020.5,445.8515625,5017.555555555556
2,60700,STARFRUIT,5015,8,5014.0,22.0,0.0,0.0,5021,22,0.0,0.0,0.0,0.0,5018.0,452.81640625,5017.115384615385
2,60800,STARFRUIT,5014,26,0.0,0.0,0.0,0.0,5021,26,0.0,0.0,0.0,0.0,5017.5,455.42578125,5017.5
2,60900,STARFRUIT,5019,1,5015.0,3.0,5014.0,27.0,5021,27,0.0,0.0,0.0,0.0,5020.0,454.3515625,5017.396551724138
2,61000,STARFRUIT,5014,21,0.0,0.0,0.0,0.0,5021,21,0.0,0.0,0.0,0.0,5017.5,451.5546875,5017.5
2,61100,STARFRUIT,5015,1,5014.0,30.0,0.0,0.0,5021,31,0.0,0.0,0.0,0.0,5018.0,448.1015625,5017.5161290322585
2,61200,STARFRUIT,5015,2,5014.0,28.0,0.0,0.0,5021,29,0.0,0.0,0.0,0.0,5018.0,449.15625,5017.474576271186
2,61300,STARFRUIT,5015,26,0.0,0.0,0.0,0.0,5022,26,0.0,0.0,0.0,0.0,5018.5,439.5625,5018.5
2,61400,STARFRUIT,5015,27,0.0,0.0,0.0,0.0,5018,6,5022.0,27.0,0.0,0.0,5016.5,438.4375,5018.45
2,61500,STARFRUIT,5016,9,5015.0,23.0,0.0,0.0,5022,25,0.0,0.0,0.0,0.0,5019.0,434.78125,5018.228070175439
2,61600,STARFRUIT,5015,22,0.0,0.0,0.0,0.0,5022,22,0.0,0.0,0.0,0.0,5018.5,438.203125,5018.5
2,61700,STARFRUIT,5015,26,0.0,0.0,0.0,0.0,5022,26,0.0,0.0,0.0,0.0,5018.5,434.328125,5018.5
2,61800,STARFRUIT,5015,23,0.0,0.0,0.0,0.0,5018,5,5022.0,23.0,0.0,0.0,5016.5,439.21875,5018.450980392156
2,61900,STARFRUIT,5015,30,0.0,0.0,0.0,0.0,5020,3,5022.0,30.0,0.0,0.0,5017.5,440.5390625,5018.571428571428
2,62000,STARFRUIT,5016,22,0.0,0.0,0.0,0.0,5023,22,0.0,0.0,0.0,0.0,5019.5,437.28125,5019.5
2,62100,STARFRUIT,5015,23,0.0,0.0,0.0,0.0,5016,1,5020.0,2.0,5022.0,23.0,5015.5,441.2734375,5018.510204081633
2,62200,STARFRUIT,5016,7,5015.0,27.0,0.0,0.0,5022,28,0.0,0.0,0.0,0.0,5019.0,442.78515625,5018.274193548387
2,62300,STARFRUIT,5015,23,0.0,0.0,0.0,0.0,5022,23,0.0,0.0,0.0,0.0,5018.5,445.4375,5018.5
2,62400,STARFRUIT,5015,28,0.0,0.0,0.0,0.0,5022,28,0.0,0.0,0.0,0.0,5018.5,446.44921875,5018.5
2,62500,STARFRUIT,5015,32,0.0,0.0,0.0,0.0,5022,32,0.0,0.0,0.0,0.0,5018.5,445.02734375,5018.5
2,62600,STARFRUIT,5016,3,5015.0,28.0,0.0,0.0,5022,28,0.0,0.0,0.0,0.0,5019.0,446.55078125,5018.372881355932
2,62700,STARFRUIT,5020,1,5016.0,8.0,5015.0,24.0,5022,24,0.0,0.0,0.0,0.0,5021.0,445.10546875,5018.175438596491
2,62800,STARFRUIT,5016,1,5015.0,20.0,0.0,0.0,5022,21,0.0,0.0,0.0,0.0,5019.0,443.421875,5018.523809523809
2,62900,STARFRUIT,5016,5,5015.0,20.0,0.0,0.0,5022,20,0.0,0.0,0.0,0.0,5019.0,446.46484375,5018.222222222223
2,63000,STARFRUIT,5015,29,0.0,0.0,0.0,0.0,5022,29,0.0,0.0,0.0,0.0,5018.5,444.5390625,5018.5
2,63100,STARFRUIT,5016,1,5015.0,21.0,0.0,0.0,5022,22,0.0,0.0,0.0,0.0,5019.0,443.375,5018.522727272727
2,63200,STARFRUIT,5016,2,5015.0,22.0,0.0,0.0,5022,24,0.0,0.0,0.0,0.0,5019.0,443.890625,5018.541666666667
2,63300,STARFRUIT,5015,31,0.0,0.0,0.0,0.0,5022,31,0.0,0.0,0.0,0.0,5018.5,447.140625,5018.5
2,63400,STARFRUIT,5015,27,0.0,0.0,0.0,0.0,5022,27,0.0,0.0,0.0,0.0,5018.5,469.0,5018.5
2,63500,STARFRUIT,5016,23,0.0,0.0,0.0,0.0,5022,2,5023.0,21.0,0.0,0.0,5019.0,469.0,5019.45652173913
2,63600,STARFRUIT,5016,31,0.0,0.0,0.0,0.0,5023,31,0.0,0.0,0.0,0.0,5019.5,469.0,5019.5
2,63700,STARFRUIT,5016,26,0.0,0.0,0.0,0.0,5017,5,5021.0,1.0,5023.0,26.0,5016.5,469.0,5019.310344827586
2,63800,STARFRUIT,5016,22,0.0,0.0,0.0,0.0,5023,22,0.0,0.0,0.0,0.0,5019.5,469.0,5019.5
2,63900,STARFRUIT,5016,30,0.0,0.0,0.0,0.0,5017,3,5023.0,30.0,0.0,0.0,5016.5,469.0,5019.380952380952
2,64000,STARFRUIT,5016,27,0.0,0.0,0.0,0.0,5021,7,5023.0,27.0,0.0,0.0,5018.5,469.0,5019.672131147541
2,64100,STARFRUIT,5016,24,0.0,0.0,0.0,0.0,5021,7,5022.0,2.0,5023.0,23.0,5018.5,469.0,5019.714285714285
2,64200,STARFRUIT,5016,21,0.0,0.0,0.0,0.0,5023,21,0.0,0.0,0.0,0.0,5019.5,469.0,5019.5
2,64300,STARFRUIT,5021,9,5017.0,3.0,5016.0,26.0,5023,26,0.0,0.0,0.0,0.0,5022.0,469.0,5019.59375
2,64400,STARFRUIT,5016,25,0.0,0.0,0.0,0.0,5023,25,0.0,0.0,0.0,0.0,5019.5,483.4609375,5019.5
2,64500,STARFRUIT,5016,29,0.0,0.0,0.0,0.0,5023,29,0.0,0.0,0.0,0.0,5019.5,482.4140625,5019.5
2,64600,STARFRUIT,5016,1,5015.0,20.0,0.0,0.0,5022,21,0.0,0.0,0.0,0.0,5019.0,490.62890625,5018.523809523809
2,64700,STARFRUIT,5015,28,0.0,0.0,0.0,0.0,5022,28,0.0,0.0,0.0,0.0,5018.5,492.01953125,5018.5
2,64800,STARFRUIT,5015,22,0.0,0.0,0.0,0.0,5022,22,0.0,0.0,0.0,0.0,5018.5,498.23828125,5018.5
2,64900,STARFRUIT,5016,31,0.0,0.0,0.0,0.0,5021,8,5022.0,1.0,5023.0,30.0,5018.5,492.44921875,5019.657142857143
2,65000,STARFRUIT,5016,30,0.0,0.0,0.0,0.0,5021,5,5022.0,1.0,5023.0,29.0,5018.5,490.90625,5019.6
2,65100,STARFRUIT,5016,3,5015.0,21.0,0.0,0.0,5022,21,0.0,0.0,0.0,0.0,5019.0,498.1484375,5018.333333333333
2,65200,STARFRUIT,5015,26,0.0,0.0,0.0,0.0,5020,7,5021.0,2.0,5022.0,24.0,5017.5,503.39453125,5018.64406779661
2,65300,STARFRUIT,5015,30,0.0,0.0,0.0,0.0,5020,2,5022.0,30.0,0.0,0.0,5017.5,497.8359375,5018.548387096775
2,65400,STARFRUIT,5016,3,5015.0,31.0,0.0,0.0,5022,31,0.0,0.0,0.0,0.0,5019.0,501.984375,5018.384615384615
2,65500,STARFRUIT,5016,30,0.0,0.0,0.0,0.0,5023,30,0.0,0.0,0.0,0.0,5019.5,489.55859375,5019.5
2,65600,STARFRUIT,5016,27,0.0,0.0,0.0,0.0,5023,27,0.0,0.0,0.0,0.0,5019.5,491.75,5019.5
2,65700,STARFRUIT,5022,1,5017.0,30.0,0.0,0.0,5024,30,0.0,0.0,0.0,0.0,5023.0,488.76953125,5020.524590163935
2,65800,STARFRUIT,5017,28,0.0,0.0,0.0,0.0,5024,28,0.0,0.0,0.0,0.0,5020.5,487.7578125,5020.5
2,65900,STARFRUIT,5017,27,0.0,0.0,0.0,0.0,5024,27,0.0,0.0,0.0,0.0,5020.5,487.1875,5020.5
2,66000,STARFRUIT,5017,27,0.0,0.0,0.0,0.0,5024,27,0.0,0.0,0.0,0.0,5020.5,482.95703125,5020.5
2,66100,STARFRUIT,5018,20,0.0,0.0,0.0,0.0,5025,20,0.0,0.0,0.0,0.0,5021.5,491.75,5021.5
2,66200,STARFRUIT,5018,1,5017.0,22.0,0.0,0.0,5024,24,0.0,0.0,0.0,0.0,5021.0,494.59375,5020.595744680851
2,66300,STARFRUIT,5021,5,5017.0,30.0,0.0,0.0,5022,2,5023.0,1.0,5024.0,29.0,5021.5,504.03125,5020.567164179104
2,66400,STARFRUIT,5021,4,5018.0,21.0,0.0,0.0,5024,1,5025.0,20.0,0.0,0.0,5022.5,478.0,5021.434782608696
2,66500,STARFRUIT,5017,26,0.0,0.0,0.0,0.0,5024,26,0.0,0.0,0.0,0.0,5020.5,478.0,5020.5
2,66600,STARFRUIT,5018,2,5017.0,23.0,0.0,0.0,5023,1,5024.0,22.0,0.0,0.0,5020.5,478.0,5020.375
2,66700,STARFRUIT,5017,25,0.0,0.0,0.0,0.0,5024,26,0.0,0.0,0.0,0.0,5020.5,478.0,5020.568627450981
2,66800,STARFRUIT,5017,1,5016.0,20.0,0.0,0.0,5019,4,5023.0,21.0,0.0,0.0,5018.0,478.0,5019.478260869565
2,66900,STARFRUIT,5017,1,5016.0,24.0,0.0,0.0,5023,25,0.0,0.0,0.0,0.0,5020.0,478.0,5019.52
2,67000,STARFRUIT,5017,2,5016.0,29.0,0.0,0.0,5022,2,5023.0,27.0,0.0,0.0,5019.5,478.0,5019.383333333333
2,67100,STARFRUIT,5016,28,0.0,0.0,0.0,0.0,5017,9,5023.0,28.0,0.0,0.0,5016.5,478.0,5019.153846153846
2,67200,STARFRUIT,5015,21,0.0,0.0,0.0,0.0,5022,21,0.0,0.0,0.0,0.0,5018.5,478.0,5018.5
2,67300,STARFRUIT,5015,22,0.0,0.0,0.0,0.0,5022,22,0.0,0.0,0.0,0.0,5018.5,478.0,5018.5
2,67400,STARFRUIT,5015,32,0.0,0.0,0.0,0.0,5022,32,0.0,0.0,0.0,0.0,5018.5,478.0,5018.5
2,67500,STARFRUIT,5015,23,0.0,0.0,0.0,0.0,5022,23,0.0,0.0,0.0,0.0,5018.5,478.0,5018.5
2,67600,STARFRUIT,5015,23,0.0,0.0,0.0,0.0,5022,23,0.0,0.0,0.0,0.0,5018.5,478.0,5018.5
2,67700,STARFRUIT,5015,25,0.0,0.0,0.0,0.0,5016,3,5021.0,1.0,5022.0,24.0,5015.5,478.0,5018.33962264151
2,67800,STARFRUIT,5016,1,5015.0,23.0,0.0,0.0,5022,24,0.0,0.0,0.0,0.0,5019.0,478.0,5018.520833333333
2,67900,STARFRUIT,5016,26,0.0,0.0,0.0,0.0,5023,26,0.0,0.0,0.0,0.0,5019.5,478.0,5019.5
2,68000,STARFRUIT,5016,23,0.0,0.0,0.0,0.0,5021,4,5023.0,23.0,0.0,0.0,5018.5,478.0,5019.62
2,68100,STARFRUIT,5016,24,0.0,0.0,0.0,0.0,5021,3,5023.0,24.0,0.0,0.0,5018.5,478.0,5019.588235294118
2,68200,STARFRUIT,5015,25,0.0,0.0,0.0,0.0,5023,25,0.0,0.0,0.0,0.0,5019.0,478.0,5019.0
2,68300,STARFRUIT,5016,2,5015.0,30.0,0.0,0.0,5020,8,5022.0,32.0,0.0,0.0,5018.0,478.0,5018.694444444444
2,68400,STARFRUIT,5016,30,0.0,0.0,0.0,0.0,5023,30,0.0,0.0,0.0,0.0,5019.5,478.0,5019.5
2,68500,STARFRUIT,5016,26,0.0,0.0,0.0,0.0,5023,26,0.0,0.0,0.0,0.0,5019.5,478.0,5019.5
2,68600,STARFRUIT,5016,31,0.0,0.0,0.0,0.0,5023,31,0.0,0.0,0.0,0.0,5019.5,478.0,5019.5
2,68700,STARFRUIT,5021,1,5017.0,8.0,5016.0,25.0,5023,25,0.0,0.0,0.0,0.0,5022.0,480.568359375,5019.186440677966
2,68800,STARFRUIT,5016,25,0.0,0.0,0.0,0.0,5017,3,5021.0,5.0,5023.0,25.0,5016.5,482.0361328125,5019.5
2,68900,STARFRUIT,5022,1,5017.0,8.0,5016.0,21.0,5023,23,0.0,0.0,0.0,0.0,5022.5,489.92041015625,5019.301886792453
2,69000,STARFRUIT,5017,1,5016.0,25.0,0.0,0.0,5023,26,0.0,0.0,0.0,0.0,5020.0,492.0,5019.5192307692305
2,69100,STARFRUIT,5017,29,0.0,0.0,0.0,0.0,5023,2,5024.0,27.0,0.0,0.0,5020.0,492.0,5020.4655172413795
2,69200,STARFRUIT,5017,21,0.0,0.0,0.0,0.0,5022,4,5024.0,21.0,0.0,0.0,5019.5,492.0,5020.630434782609
2,69300,STARFRUIT,5016,29,0.0,0.0,0.0,0.0,5023,29,0.0,0.0,0.0,0.0,5019.5,492.0,5019.5
2,69400,STARFRUIT,5016,23,0.0,0.0,0.0,0.0,5023,23,0.0,0.0,0.0,0.0,5019.5,492.0,5019.5
2,69500,STARFRUIT,5016,23,0.0,0.0,0.0,0.0,5021,3,5023.0,23.0,0.0,0.0,5018.5,492.0,5019.591836734694
2,69600,STARFRUIT,5017,1,5016.0,24.0,0.0,0.0,5023,25,0.0,0.0,0.0,0.0,5020.0,492.0,5019.52
2,69700,STARFRUIT,5016,31,0.0,0.0,0.0,0.0,5017,1,5023.0,31.0,0.0,0.0,5016.5,492.0,5019.460317460317
2,69800,STARFRUIT,5016,29,0.0,0.0,0.0,0.0,5023,29,0.0,0.0,0.0,0.0,5019.5,492.0,5019.5
2,69900,STARFRUIT,5018,8,5017.0,30.0,0.0,0.0,5023,2,5024.0,28.0,0.0,0.0,5020.5,492.0,5020.176470588235
2,70000,STARFRUIT,5016,28,0.0,0.0,0.0,0.0,5017,7,5023.0,29.0,0.0,0.0,5016.5,492.0,5019.28125
2,70100,STARFRUIT,5016,28,0.0,0.0,0.0,0.0,5023,28,0.0,0.0,0.0,0.0,5019.5,492.0,5019.5
2,70200,STARFRUIT,5016,24,0.0,0.0,0.0,0.0,5023,24,0.0,0.0,0.0,0.0,5019.5,492.0,5019.5
2,70300,STARFRUIT,5017,4,5016.0,29.0,0.0,0.0,5023,29,0.0,0.0,0.0,0.0,5020.0,494.375,5019.3387096774195
2,70400,STARFRUIT,5017,2,5016.0,28.0,0.0,0.0,5023,30,0.0,0.0,0.0,0.0,5020.0,494.03173828125,5019.533333333334
2,70500,STARFRUIT,5017,2,5016.0,26.0,0.0,0.0,5023,28,0.0,0.0,0.0,0.0,5020.0,494.22119140625,5019.535714285715
2,70600,STARFRUIT,5021,5,5017.0,2.0,5016.0,21.0,5023,2,5024.0,21.0,0.0,0.0,5022.0,493.99560546875,5020.098039215686
2,70700,STARFRUIT,5017,24,0.0,0.0,0.0,0.0,5024,24,0.0,0.0,0.0,0.0,5020.5,497.04296875,5020.5
2,70800,STARFRUIT,5017,31,0.0,0.0,0.0,0.0,5022,3,5024.0,31.0,0.0,0.0,5019.5,495.876953125,5020.569230769231
2,70900,STARFRUIT,5017,25,0.0,0.0,0.0,0.0,5024,25,0.0,0.0,0.0,0.0,5020.5,497.0234375,5020.5
2,71000,STARFRUIT,5018,8,5017.0,29.0,0.0,0.0,5024,29,0.0,0.0,0.0,0.0,5021.0,493.49609375,5020.19696969697
2,71100,STARFRUIT,5023,1,5018.0,4.0,5017.0,23.0,5024,23,0.0,0.0,0.0,0.0,5023.5,495.07421875,5020.35294117647
2,71200,STARFRUIT,5017,20,0.0,0.0,0.0,0.0,5024,20,0.0,0.0,0.0,0.0,5020.5,498.3125,5020.5
2,71300,STARFRUIT,5017,24,0.0,0.0,0.0,0.0,5023,1,5024.0,23.0,0.0,0.0,5020.0,501.78125,5020.479166666667
2,71400,STARFRUIT,5017,25,0.0,0.0,0.0,0.0,5024,25,0.0,0.0,0.0,0.0,5020.5,500.453125,5020.5
2,71500,STARFRUIT,5017,25,0.0,0.0,0.0,0.0,5024,26,0.0,0.0,0.0,0.0,5020.5,501.6484375,5020.568627450981
2,71600,STARFRUIT,5017,1,5016.0,25.0,0.0,0.0,5023,25,0.0,0.0,0.0,0.0,5020.0,524.92578125,5019.450980392156
2,71700,STARFRUIT,5016,32,0.0,0.0,0.0,0.0,5023,32,0.0,0.0,0.0,0.0,5019.5,526.3984375,5019.5
2,71800,STARFRUIT,5017,2,5016.0,29.0,0.0,0.0,5023,31,0.0,0.0,0.0,0.0,5020.0,521.77734375,5019.532258064516
2,71900,STARFRUIT,5016,25,0.0,0.0,0.0,0.0,5022,2,5023.0,23.0,0.0,0.0,5019.0,530.57421875,5019.46
2,72000,STARFRUIT,5017,8,5016.0,27.0,0.0,0.0,5023,27,0.0,0.0,0.0,0.0,5020.0,526.0234375,5019.177419354839
2,72100,STARFRUIT,5016,20,0.0,0.0,0.0,0.0,5023,20,0.0,0.0,0.0,0.0,5019.5,523.3515625,5019.5
2,72200,STARFRUIT,5017,2,5016.0,23.0,0.0,0.0,5023,25,0.0,0.0,0.0,0.0,5020.0,522.171875,5019.54
2,72300,STARFRUIT,5017,2,5016.0,23.0,0.0,0.0,5023,25,0.0,0.0,0.0,0.0,5020.0,522.7421875,5019.54
2,72400,STARFRUIT,5017,1,5016.0,23.0,0.0,0.0,5023,24,0.0,0.0,0.0,0.0,5020.0,521.05859375,5019.520833333333
2,72500,STARFRUIT,5021,5,5017.0,2.0,5016.0,25.0,5023,27,0.0,0.0,0.0,0.0,5022.0,520.484375,5019.661016949152
2,72600,STARFRUIT,5018,4,5017.0,30.0,0.0,0.0,5023,2,5024.0,28.0,0.0,0.0,5020.5,522.203125,5020.3125
2,72700,STARFRUIT,5017,30,0.0,0.0,0.0,0.0,5024,30,0.0,0.0,0.0,0.0,5020.5,512.3984375,5020.5
2,72800,STARFRUIT,5018,24,0.0,0.0,0.0,0.0,5025,24,0.0,0.0,0.0,0.0,5021.5,505.5390625,5021.5
2,72900,STARFRUIT,5017,25,0.0,0.0,0.0,0.0,5022,3,5024.0,25.0,0.0,0.0,5019.5,511.515625,5020.584905660377
2,73000,STARFRUIT,5018,30,0.0,0.0,0.0,0.0,5021,5,5025.0,30.0,0.0,0.0,5019.5,502.5625,5021.461538461538
2,73100,STARFRUIT,5018,21,0.0,0.0,0.0,0.0,5023,2,5025.0,21.0,0.0,0.0,5020.5,504.875,5021.568181818182
2,73200,STARFRUIT,5018,25,0.0,0.0,0.0,0.0,5023,4,5024.0,2.0,5025.0,23.0,5020.5,503.5078125,5021.574074074074
2,73300,STARFRUIT,5018,22,0.0,0.0,0.0,0.0,5024,2,5025.0,21.0,0.0,0.0,5021.0,506.28125,5021.533333333334
2,73400,STARFRUIT,5017,30,0.0,0.0,0.0,0.0,5022,1,5024.0,30.0,0.0,0.0,5019.5,509.15625,5020.524590163935
2,73500,STARFRUIT,5018,7,5017.0,21.0,0.0,0.0,5023,1,5024.0,20.0,0.0,0.0,5020.5,519.0703125,5020.122448979592
2,73600,STARFRUIT,5016,25,0.0,0.0,0.0,0.0,5023,25,0.0,0.0,0.0,0.0,5019.5,528.5625,5019.5
2,73700,STARFRUIT,5016,2,5015.0,24.0,0.0,0.0,5022,26,0.0,0.0,0.0,0.0,5019.0,537.2265625,5018.538461538462
2,73800,STARFRUIT,5016,6,5015.0,23.0,0.0,0.0,5022,23,0.0,0.0,0.0,0.0,5019.0,541.7421875,5018.211538461538
2,73900,STARFRUIT,5015,31,0.0,0.0,0.0,0.0,5022,31,0.0,0.0,0.0,0.0,5018.5,541.0546875,5018.5
2,74000,STARFRUIT,5019,3,5015.0,28.0,0.0,0.0,5022,28,0.0,0.0,0.0,0.0,5020.5,544.96875,5018.525423728814
2,74100,STARFRUIT,5017,6,5016.0,27.0,0.0,0.0,5022,1,5023.0,26.0,0.0,0.0,5019.5,535.578125,5019.233333333334
2,74200,STARFRUIT,5016,1,5015.0,27.0,0.0,0.0,5020,6,5022.0,29.0,0.0,0.0,5018.0,538.5390625,5018.714285714285
2,74300,STARFRUIT,5018,2,5016.0,6.0,5015.0,30.0,5023,30,0.0,0.0,0.0,0.0,5020.5,536.0546875,5018.705882352941
2,74400,STARFRUIT,5016,21,0.0,0.0,0.0,0.0,5023,21,0.0,0.0,0.0,0.0,5019.5,527.03125,5019.5
2,74500,STARFRUIT,5015,23,0.0,0.0,0.0,0.0,5022,23,0.0,0.0,0.0,0.0,5018.5,553.1484375,5018.5
2,74600,STARFRUIT,5016,26,0.0,0.0,0.0,0.0,5023,26,0.0,0.0,0.0,0.0,5019.5,549.0703125,5019.5
2,74700,STARFRUIT,5015,25,0.0,0.0,0.0,0.0,5022,25,0.0,0.0,0.0,0.0,5018.5,552.14453125,5018.5
2,74800,STARFRUIT,5016,2,5015.0,20.0,0.0,0.0,5022,22,0.0,0.0,0.0,0.0,5019.0,552.65625,5018.545454545455
2,74900,STARFRUIT,5021,1,5015.0,27.0,0.0,0.0,5022,27,0.0,0.0,0.0,0.0,5021.5,555.2265625,5018.545454545455
2,75000,STARFRUIT,5014,26,0.0,0.0,0.0,0.0,5021,26,0.0,0.0,0.0,0.0,5017.5,565.59765625,5017.5
2,75100,STARFRUIT,5015,28,0.0,0.0,0.0,0.0,5020,4,5022.0,28.0,0.0,0.0,5017.5,558.0546875,5018.6
2,75200,STARFRUIT,5015,24,0.0,0.0,0.0,0.0,5022,24,0.0,0.0,0.0,0.0,5018.5,563.8046875,5018.5
2,75300,STARFRUIT,5016,1,5015.0,30.0,0.0,0.0,5021,2,5022.0,28.0,0.0,0.0,5018.5,566.7109375,5018.426229508197
2,75400,STARFRUIT,5014,28,0.0,0.0,0.0,0.0,5021,28,0.0,0.0,0.0,0.0,5017.5,572.19140625,5017.5
2,75500,STARFRUIT,5014,24,0.0,0.0,0.0,0.0,5021,24,0.0,0.0,0.0,0.0,5017.5,569.98828125,5017.5
2,75600,STARFRUIT,5015,2,5014.0,23.0,0.0,0.0,5021,25,0.0,0.0,0.0,0.0,5018.0,567.734375,5017.54
2,75700,STARFRUIT,5014,24,0.0,0.0,0.0,0.0,5021,24,0.0,0.0,0.0,0.0,5017.5,570.85546875,5017.5
2,75800,STARFRUIT,5014,24,0.0,0.0,0.0,0.0,5019,2,5021.0,24.0,0.0,0.0,5016.5,569.12109375,5017.56
2,75900,STARFRUIT,5014,29,0.0,0.0,0.0,0.0,5021,29,0.0,0.0,0.0,0.0,5017.5,567.92578125,5017.5
2,76000,STARFRUIT,5016,4,5015.0,28.0,0.0,0.0,5021,2,5022.0,26.0,0.0,0.0,5018.5,566.7578125,5018.3
2,76100,STARFRUIT,5015,24,0.0,0.0,0.0,0.0,5021,2,5022.0,22.0,0.0,0.0,5018.0,565.76953125,5018.458333333333
2,76200,STARFRUIT,5018,6,5016.0,1.0,5015.0,25.0,5022,25,0.0,0.0,0.0,0.0,5020.0,565.65625,5018.403508771929
2,76300,STARFRUIT,5016,2,5015.0,22.0,0.0,0.0,5022,22,0.0,0.0,0.0,0.0,5019.0,551.4375,5018.391304347826
2,76400,STARFRUIT,5015,25,0.0,0.0,0.0,0.0,5021,1,5022.0,24.0,0.0,0.0,5018.0,564.078125,5018.48
2,76500,STARFRUIT,5019,2,5014.0,24.0,0.0,0.0,5021,24,0.0,0.0,0.0,0.0,5020.0,571.9609375,5017.56
2,76600,STARFRUIT,5014,32,0.0,0.0,0.0,0.0,5021,32,0.0,0.0,0.0,0.0,5017.5,525.0,5017.5
2,76700,STARFRUIT,5015,6,5014.0,23.0,0.0,0.0,5021,23,0.0,0.0,0.0,0.0,5018.0,525.0,5017.211538461538
2,76800,STARFRUIT,5014,26,0.0,0.0,0.0,0.0,5019,3,5021.0,26.0,0.0,0.0,5016.5,525.0,5017.581818181819
2,76900,STARFRUIT,5015,1,5014.0,27.0,0.0,0.0,5021,27,0.0,0.0,0.0,0.0,5018.0,525.0,5017.454545454545
2,77000,STARFRUIT,5015,2,5014.0,20.0,0.0,0.0,5021,22,0.0,0.0,0.0,0.0,5018.0,525.0,5017.545454545455
2,77100,STARFRUIT,5015,10,5014.0,25.0,0.0,0.0,5021,27,0.0,0.0,0.0,0.0,5018.0,525.0,5017.209677419355
2,77200,STARFRUIT,5014,28,0.0,0.0,0.0,0.0,5021,28,0.0,0.0,0.0,0.0,5017.5,525.0,5017.5
2,77300,STARFRUIT,5015,4,5014.0,20.0,0.0,0.0,5021,20,0.0,0.0,0.0,0.0,5018.0,525.0,5017.272727272727
2,77400,STARFRUIT,5014,29,0.0,0.0,0.0,0.0,5020,1,5021.0,29.0,0.0,0.0,5017.0,525.0,5017.542372881356
2,77500,STARFRUIT,5013,29,0.0,0.0,0.0,0.0,5016,3,5020.0,29.0,0.0,0.0,5014.5,525.0,5016.475409836065
2,77600,STARFRUIT,5014,5,5013.0,29.0,0.0,0.0,5020,29,0.0,0.0,0.0,0.0,5017.0,525.0,5016.3015873015875
2,77700,STARFRUIT,5013,26,0.0,0.0,0.0,0.0,5020,26,0.0,0.0,0.0,0.0,5016.5,525.0,5016.5
2,77800,STARFRUIT,5013,4,5012.0,26.0,0.0,0.0,5019,26,0.0,0.0,0.0,0.0,5016.0,525.0,5015.321428571428
2,77900,STARFRUIT,5012,26,0.0,0.0,0.0,0.0,5017,1,5019.0,26.0,0.0,0.0,5014.5,525.0,5015.528301886792
2,78000,STARFRUIT,5013,24,0.0,0.0,0.0,0.0,5020,24,0.0,0.0,0.0,0.0,5016.5,525.0,5016.5
2,78100,STARFRUIT,5014,1,5013.0,24.0,0.0,0.0,5020,25,0.0,0.0,0.0,0.0,5017.0,525.0,5016.52
2,78200,STARFRUIT,5019,1,5013.0,30.0,0.0,0.0,5020,30,0.0,0.0,0.0,0.0,5019.5,525.0,5016.540983606557
2,78300,STARFRUIT,5013,20,0.0,0.0,0.0,0.0,5014,1,5020.0,20.0,0.0,0.0,5013.5,527.34130859375,5016.4390243902435
2,78400,STARFRUIT,5013,26,0.0,0.0,0.0,0.0,5020,26,0.0,0.0,0.0,0.0,5016.5,530.0,5016.5
2,78500,STARFRUIT,5013,31,0.0,0.0,0.0,0.0,5020,31,0.0,0.0,0.0,0.0,5016.5,530.0,5016.5
2,78600,STARFRUIT,5013,25,0.0,0.0,0.0,0.0,5018,2,5020.0,25.0,0.0,0.0,5015.5,530.0,5016.557692307692
2,78700,STARFRUIT,5013,29,0.0,0.0,0.0,0.0,5020,29,0.0,0.0,0.0,0.0,5016.5,530.0,5016.5
2,78800,STARFRUIT,5013,26,0.0,0.0,0.0,0.0,5020,26,0.0,0.0,0.0,0.0,5016.5,530.0,5016.5
2,78900,STARFRUIT,5018,1,5013.0,23.0,0.0,0.0,5019,1,5020.0,22.0,0.0,0.0,5018.5,530.0,5016.510638297872
2,79000,STARFRUIT,5012,28,0.0,0.0,0.0,0.0,5020,28,0.0,0.0,0.0,0.0,5016.0,531.9990234375,5016.0
2,79100,STARFRUIT,5013,1,5012.0,29.0,0.0,0.0,5019,30,0.0,0.0,0.0,0.0,5016.0,532.197265625,5015.516666666666
2,79200,STARFRUIT,5012,23,0.0,0.0,0.0,0.0,5019,23,0.0,0.0,0.0,0.0,5015.5,532.4775390625,5015.5
2,79300,STARFRUIT,5012,24,0.0,0.0,0.0,0.0,5019,24,0.0,0.0,0.0,0.0,5015.5,537.384765625,5015.5
2,79400,STARFRUIT,5012,24,0.0,0.0,0.0,0.0,5019,24,0.0,0.0,0.0,0.0,5015.5,538.65234375,5015.5
2,79500,STARFRUIT,5012,26,0.0,0.0,0.0,0.0,5019,26,0.0,0.0,0.0,0.0,5015.5,537.69140625,5015.5
2,79600,STARFRUIT,5012,25,0.0,0.0,0.0,0.0,5017,3,5019.0,25.0,0.0,0.0,5014.5,538.037109375,5015.584905660377
2,79700,STARFRUIT,5012,23,0.0,0.0,0.0,0.0,5019,23,0.0,0.0,0.0,0.0,5015.5,537.888671875,5015.5
2,79800,STARFRUIT,5012,23,0.0,0.0,0.0,0.0,5019,23,0.0,0.0,0.0,0.0,5015.5,537.583984375,5015.5
2,79900,STARFRUIT,5012,22,0.0,0.0,0.0,0.0,5017,4,5019.0,22.0,0.0,0.0,5014.5,537.326171875,5015.625
2,80000,STARFRUIT,5012,24,0.0,0.0,0.0,0.0,5018,2,5019.0,22.0,0.0,0.0,5015.0,538.6640625,5015.458333333333
2,80100,STARFRUIT,5017,1,5012.0,28.0,0.0,0.0,5018,2,5019.0,26.0,0.0,0.0,5017.5,538.71875,5015.491228070176
2,80200,STARFRUIT,5012,30,0.0,0.0,0.0,0.0,5019,30,0.0,0.0,0.0,0.0,5015.5,539.39453125,5015.5
2,80300,STARFRUIT,5011,26,0.0,0.0,0.0,0.0,5013,2,5018.0,26.0,0.0,0.0,5012.0,542.19921875,5014.444444444444
2,80400,STARFRUIT,5011,29,0.0,0.0,0.0,0.0,5018,30,0.0,0.0,0.0,0.0,5014.5,546.328125,5014.559322033899
2,80500,STARFRUIT,5016,8,5011.0,31.0,0.0,0.0,5017,2,5018.0,29.0,0.0,0.0,5016.5,546.673828125,5014.642857142857
2,80600,STARFRUIT,5011,22,0.0,0.0,0.0,0.0,5018,22,0.0,0.0,0.0,0.0,5014.5,558.9140625,5014.5
2,80700,STARFRUIT,5013,5,5011.0,6.0,5010.0,30.0,5017,30,0.0,0.0,0.0,0.0,5015.0,581.361328125,5013.2535211267605
2,80800,STARFRUIT,5010,25,0.0,0.0,0.0,0.0,5015,5,5017.0,25.0,0.0,0.0,5012.5,581.666015625,5013.636363636364
2,80900,STARFRUIT,5010,23,0.0,0.0,0.0,0.0,5015,6,5016.0,1.0,5017.0,22.0,5012.5,581.93310546875,5013.653846153846
2,81000,STARFRUIT,5009,23,0.0,0.0,0.0,0.0,5016,24,0.0,0.0,0.0,0.0,5012.5,582.205078125,5012.574468085107
2,81100,STARFRUIT,5010,27,0.0,0.0,0.0,0.0,5017,27,0.0,0.0,0.0,0.0,5013.5,620.8671875,5013.5
2,81200,STARFRUIT,5010,1,5009.0,27.0,0.0,0.0,5014,8,5016.0,28.0,0.0,0.0,5012.0,617.875,5012.703125
2,81300,STARFRUIT,5009,21,0.0,0.0,0.0,0.0,5016,21,0.0,0.0,0.0,0.0,5012.5,614.93359375,5012.5
2,81400,STARFRUIT,5009,28,0.0,0.0,0.0,0.0,5016,28,0.0,0.0,0.0,0.0,5012.5,614.4609375,5012.5
2,81500,STARFRUIT,5010,2,5009.0,23.0,0.0,0.0,5016,23,0.0,0.0,0.0,0.0,5013.0,611.0390625,5012.395833333333
2,81600,STARFRUIT,5013,1,5008.0,21.0,0.0,0.0,5015,21,0.0,0.0,0.0,0.0,5014.0,600.265625,5011.53488372093
2,81700,STARFRUIT,5008,30,0.0,0.0,0.0,0.0,5015,30,0.0,0.0,0.0,0.0,5011.5,602.17578125,5011.5
2,81800,STARFRUIT,5009,2,5008.0,28.0,0.0,0.0,5015,28,0.0,0.0,0.0,0.0,5012.0,607.37890625,5011.413793103448
2,81900,STARFRUIT,5009,30,0.0,0.0,0.0,0.0,5016,30,0.0,0.0,0.0,0.0,5012.5,610.046875,5012.5
2,82000,STARFRUIT,5009,21,0.0,0.0,0.0,0.0,5014,7,5016.0,21.0,0.0,0.0,5011.5,610.5234375,5012.714285714285
2,82100,STARFRUIT,5010,3,5009.0,29.0,0.0,0.0,5012,5,5016.0,29.0,0.0,0.0,5011.0,609.77734375,5012.348484848485
2,82200,STARFRUIT,5009,28,0.0,0.0,0.0,0.0,5016,28,0.0,0.0,0.0,0.0,5012.5,613.2265625,5012.5
2,82300,STARFRUIT,5009,23,0.0,0.0,0.0,0.0,5016,23,0.0,0.0,0.0,0.0,5012.5,615.94921875,5012.5
2,82400,STARFRUIT,5009,29,0.0,0.0,0.0,0.0,5015,2,5016.0,27.0,0.0,0.0,5012.0,612.5625,5012.4655172413795
2,82500,STARFRUIT,5009,29,0.0,0.0,0.0,0.0,5016,29,0.0,0.0,0.0,0.0,5012.5,616.86328125,5012.5
2,82600,STARFRUIT,5009,21,0.0,0.0,0.0,0.0,5010,2,5016.0,21.0,0.0,0.0,5009.5,612.33984375,5012.386363636364
2,82700,STARFRUIT,5009,27,0.0,0.0,0.0,0.0,5014,5,5015.0,1.0,5016.0,26.0,5011.5,576.0,5012.610169491525
2,82800,STARFRUIT,5009,3,5008.0,24.0,0.0,0.0,5015,24,0.0,0.0,0.0,0.0,5012.0,576.0,5011.35294117647
2,82900,STARFRUIT,5009,5,5008.0,26.0,0.0,0.0,5015,26,0.0,0.0,0.0,0.0,5012.0,576.0,5011.2807017543855
2,83000,STARFRUIT,5009,4,5008.0,29.0,0.0,0.0,5015,29,0.0,0.0,0.0,0.0,5012.0,576.0,5011.3387096774195
2,83100,STARFRUIT,5009,22,0.0,0.0,0.0,0.0,5015,1,5016.0,21.0,0.0,0.0,5012.0,576.0,5012.477272727273
2,83200,STARFRUIT,5009,2,5008.0,21.0,0.0,0.0,5015,23,0.0,0.0,0.0,0.0,5012.0,576.0,5011.54347826087
2,83300,STARFRUIT,5008,31,0.0,0.0,0.0,0.0,5013,5,5015.0,31.0,0.0,0.0,5010.5,576.0,5011.611940298508
2,83400,STARFRUIT,5008,30,0.0,0.0,0.0,0.0,5015,30,0.0,0.0,0.0,0.0,5011.5,576.0,5011.5
2,83500,STARFRUIT,5008,25,0.0,0.0,0.0,0.0,5015,25,0.0,0.0,0.0,0.0,5011.5,580.3798828125,5011.5
2,83600,STARFRUIT,5009,5,5008.0,29.0,0.0,0.0,5015,29,0.0,0.0,0.0,0.0,5012.0,581.509765625,5011.3015873015875
2,83700,STARFRUIT,5009,21,0.0,0.0,0.0,0.0,5014,2,5016.0,21.0,0.0,0.0,5011.5,576.0,5012.568181818182
2,83800,STARFRUIT,5009,29,0.0,0.0,0.0,0.0,5015,1,5016.0,28.0,0.0,0.0,5012.0,576.0,5012.482758620689
2,83900,STARFRUIT,5010,4,5009.0,27.0,0.0,0.0,5016,27,0.0,0.0,0.0,0.0,5013.0,576.0,5012.327586206897
2,84000,STARFRUIT,5009,21,0.0,0.0,0.0,0.0,5016,21,0.0,0.0,0.0,0.0,5012.5,576.0,5012.5
2,84100,STARFRUIT,5008,29,0.0,0.0,0.0,0.0,5015,29,0.0,0.0,0.0,0.0,5011.5,576.0,5011.5
2,84200,STARFRUIT,5012,2,5009.0,27.0,0.0,0.0,5016,27,0.0,0.0,0.0,0.0,5014.0,576.0,5012.482142857143
2,84300,STARFRUIT,5013,9,5008.0,31.0,0.0,0.0,5015,31,0.0,0.0,0.0,0.0,5014.0,576.0,5011.69014084507
2,84400,STARFRUIT,5008,30,0.0,0.0,0.0,0.0,5015,30,0.0,0.0,0.0,0.0,5011.5,586.984375,5011.5
2,84500,STARFRUIT,5010,4,5009.0,24.0,0.0,0.0,5015,1,5016.0,23.0,0.0,0.0,5012.5,583.6171875,5012.288461538462
2,84600,STARFRUIT,5013,7,5008.0,23.0,0.0,0.0,5015,23,0.0,0.0,0.0,0.0,5014.0,591.01953125,5011.698113207547
2,84700,STARFRUIT,5007,26,0.0,0.0,0.0,0.0,5012,3,5014.0,26.0,0.0,0.0,5009.5,617.1875,5010.581818181819
2,84800,STARFRUIT,5012,9,5007.0,28.0,0.0,0.0,5014,28,0.0,0.0,0.0,0.0,5013.0,623.6171875,5010.707692307692
2,84900,STARFRUIT,5007,26,0.0,0.0,0.0,0.0,5012,6,5014.0,26.0,0.0,0.0,5009.5,626.234375,5010.6551724137935
2,85000,STARFRUIT,5007,24,0.0,0.0,0.0,0.0,5014,24,0.0,0.0,0.0,0.0,5010.5,623.796875,5010.5
2,85100,STARFRUIT,5007,23,0.0,0.0,0.0,0.0,5012,8,5014.0,23.0,0.0,0.0,5009.5,619.015625,5010.722222222223
2,85200,STARFRUIT,5012,1,5008.0,1.0,5007.0,28.0,5014,29,0.0,0.0,0.0,0.0,5013.0,615.2109375,5010.542372881356
2,85300,STARFRUIT,5007,25,0.0,0.0,0.0,0.0,5014,25,0.0,0.0,0.0,0.0,5010.5,612.453125,5010.5
2,85400,STARFRUIT,5008,27,0.0,0.0,0.0,0.0,5015,27,0.0,0.0,0.0,0.0,5011.5,604.046875,5011.5
2,85500,STARFRUIT,5014,1,5008.0,30.0,0.0,0.0,5015,30,0.0,0.0,0.0,0.0,5014.5,597.15625,5011.540983606557
2,85600,STARFRUIT,5008,22,0.0,0.0,0.0,0.0,5013,1,5015.0,22.0,0.0,0.0,5010.5,598.4765625,5011.533333333334
2,85700,STARFRUIT,5014,1,5008.0,21.0,0.0,0.0,5015,21,0.0,0.0,0.0,0.0,5014.5,597.5078125,5011.558139534884
2,85800,STARFRUIT,5009,31,0.0,0.0,0.0,0.0,5015,1,5016.0,30.0,0.0,0.0,5012.0,552.0,5012.4838709677415
2,85900,STARFRUIT,5009,22,0.0,0.0,0.0,0.0,5015,2,5016.0,21.0,0.0,0.0,5012.0,552.0,5012.533333333334
2,86000,STARFRUIT,5011,2,5008.0,20.0,0.0,0.0,5015,20,0.0,0.0,0.0,0.0,5013.0,552.0,5011.476190476191
2,86100,STARFRUIT,5008,28,0.0,0.0,0.0,0.0,5014,1,5015.0,27.0,0.0,0.0,5011.0,552.0,5011.482142857143
2,86200,STARFRUIT,5008,31,0.0,0.0,0.0,0.0,5015,31,0.0,0.0,0.0,0.0,5011.5,552.0,5011.5
2,86300,STARFRUIT,5009,3,5008.0,24.0,0.0,0.0,5015,24,0.0,0.0,0.0,0.0,5012.0,552.0,5011.35294117647
2,86400,STARFRUIT,5008,23,0.0,0.0,0.0,0.0,5015,24,0.0,0.0,0.0,0.0,5011.5,552.0,5011.574468085107
2,86500,STARFRUIT,5008,25,0.0,0.0,0.0,0.0,5015,25,0.0,0.0,0.0,0.0,5011.5,552.0,5011.5
2,86600,STARFRUIT,5013,1,5008.0,26.0,0.0,0.0,5015,26,0.0,0.0,0.0,0.0,5014.0,552.0,5011.528301886792
2,86700,STARFRUIT,5008,28,0.0,0.0,0.0,0.0,5015,28,0.0,0.0,0.0,0.0,5011.5,553.33056640625,5011.5
2,86800,STARFRUIT,5008,28,0.0,0.0,0.0,0.0,5013,2,5015.0,29.0,0.0,0.0,5010.5,553.87646484375,5011.610169491525
2,86900,STARFRUIT,5008,23,0.0,0.0,0.0,0.0,5009,3,5014.0,2.0,5015.0,21.0,5008.5,553.8837890625,5011.306122448979
2,87000,STARFRUIT,5008,25,0.0,0.0,0.0,0.0,5015,25,0.0,0.0,0.0,0.0,5011.5,561.609375,5011.5
2,87100,STARFRUIT,5009,22,0.0,0.0,0.0,0.0,5016,23,0.0,0.0,0.0,0.0,5012.5,562.515625,5012.577777777778
2,87200,STARFRUIT,5009,2,5008.0,21.0,0.0,0.0,5015,23,0.0,0.0,0.0,0.0,5012.0,561.763671875,5011.54347826087
2,87300,STARFRUIT,5009,29,0.0,0.0,0.0,0.0,5016,29,0.0,0.0,0.0,0.0,5012.5,562.7841796875,5012.5
2,87400,STARFRUIT,5009,23,0.0,0.0,0.0,0.0,5016,23,0.0,0.0,0.0,0.0,5012.5,562.6669921875,5012.5
2,87500,STARFRUIT,5009,24,0.0,0.0,0.0,0.0,5016,24,0.0,0.0,0.0,0.0,5012.5,562.5107421875,5012.5
2,87600,STARFRUIT,5009,21,0.0,0.0,0.0,0.0,5016,21,0.0,0.0,0.0,0.0,5012.5,563.513671875,5012.5
2,87700,STARFRUIT,5015,1,5009.0,22.0,0.0,0.0,5016,22,0.0,0.0,0.0,0.0,5015.5,563.794921875,5012.555555555556
2,87800,STARFRUIT,5010,30,0.0,0.0,0.0,0.0,5017,30,0.0,0.0,0.0,0.0,5013.5,566.3525390625,5013.5
2,87900,STARFRUIT,5010,22,0.0,0.0,0.0,0.0,5017,22,0.0,0.0,0.0,0.0,5013.5,566.1162109375,5013.5
2,88000,STARFRUIT,5010,27,0.0,0.0,0.0,0.0,5017,27,0.0,0.0,0.0,0.0,5013.5,566.390625,5013.5
2,88100,STARFRUIT,5010,23,0.0,0.0,0.0,0.0,5017,23,0.0,0.0,0.0,0.0,5013.5,566.70703125,5013.5
2,88200,STARFRUIT,5009,28,0.0,0.0,0.0,0.0,5016,28,0.0,0.0,0.0,0.0,5012.5,565.38916015625,5012.5
2,88300,STARFRUIT,5015,1,5011.0,6.0,5010.0,27.0,5017,27,0.0,0.0,0.0,0.0,5016.0,566.34326171875,5013.2786885245905
2,88400,STARFRUIT,5010,28,0.0,0.0,0.0,0.0,5017,28,0.0,0.0,0.0,0.0,5013.5,568.0,5013.5
2,88500,STARFRUIT,5010,23,0.0,0.0,0.0,0.0,5017,23,0.0,0.0,0.0,0.0,5013.5,568.0,5013.5
2,88600,STARFRUIT,5012,4,5011.0,24.0,0.0,0.0,5018,24,0.0,0.0,0.0,0.0,5015.0,568.0,5014.307692307692
2,88700,STARFRUIT,5011,28,0.0,0.0,0.0,0.0,5018,28,0.0,0.0,0.0,0.0,5014.5,568.0,5014.5
2,88800,STARFRUIT,5011,23,0.0,0.0,0.0,0.0,5017,2,5018.0,21.0,0.0,0.0,5014.0,568.0,5014.45652173913
2,88900,STARFRUIT,5010,21,0.0,0.0,0.0,0.0,5015,7,5017.0,21.0,0.0,0.0,5012.5,568.0,5013.714285714285
2,89000,STARFRUIT,5012,1,5011.0,30.0,0.0,0.0,5017,1,5018.0,29.0,0.0,0.0,5014.5,568.0,5014.44262295082
2,89100,STARFRUIT,5010,26,0.0,0.0,0.0,0.0,5017,26,0.0,0.0,0.0,0.0,5013.5,568.0,5013.5
2,89200,STARFRUIT,5011,2,5010.0,26.0,0.0,0.0,5017,28,0.0,0.0,0.0,0.0,5014.0,568.0,5013.535714285715
2,89300,STARFRUIT,5010,27,0.0,0.0,0.0,0.0,5017,27,0.0,0.0,0.0,0.0,5013.5,568.0,5013.5
2,89400,STARFRUIT,5012,4,5009.0,23.0,0.0,0.0,5016,23,0.0,0.0,0.0,0.0,5014.0,568.0,5012.46
2,89500,STARFRUIT,5010,2,5009.0,22.0,0.0,0.0,5016,24,0.0,0.0,0.0,0.0,5013.0,568.0,5012.541666666667
2,89600,STARFRUIT,5010,27,0.0,0.0,0.0,0.0,5017,27,0.0,0.0,0.0,0.0,5013.5,568.0,5013.5
2,89700,STARFRUIT,5010,30,0.0,0.0,0.0,0.0,5017,30,0.0,0.0,0.0,0.0,5013.5,568.0,5013.5
2,89800,STARFRUIT,5011,4,5010.0,21.0,0.0,0.0,5017,21,0.0,0.0,0.0,0.0,5014.0,568.0,5013.282608695652
2,89900,STARFRUIT,5010,22,0.0,0.0,0.0,0.0,5017,22,0.0,0.0,0.0,0.0,5013.5,568.0,5013.5
2,90000,STARFRUIT,5010,26,0.0,0.0,0.0,0.0,5015,5,5017.0,26.0,0.0,0.0,5012.5,568.0,5013.631578947368
2,90100,STARFRUIT,5010,30,0.0,0.0,0.0,0.0,5017,30,0.0,0.0,0.0,0.0,5013.5,568.0,5013.5
2,90200,STARFRUIT,5010,8,5009.0,20.0,0.0,0.0,5016,22,0.0,0.0,0.0,0.0,5013.0,568.0,5012.24
2,90300,STARFRUIT,5009,31,0.0,0.0,0.0,0.0,5015,1,5016.0,30.0,0.0,0.0,5012.0,568.0,5012.4838709677415
2,90400,STARFRUIT,5009,27,0.0,0.0,0.0,0.0,5015,1,5016.0,26.0,0.0,0.0,5012.0,568.0,5012.481481481482
2,90500,STARFRUIT,5009,22,0.0,0.0,0.0,0.0,5016,22,0.0,0.0,0.0,0.0,5012.5,568.0,5012.5
2,90600,STARFRUIT,5009,25,0.0,0.0,0.0,0.0,5016,25,0.0,0.0,0.0,0.0,5012.5,568.0,5012.5
2,90700,STARFRUIT,5008,25,0.0,0.0,0.0,0.0,5009,1,5015.0,25.0,0.0,0.0,5008.5,568.0,5011.450980392156
2,90800,STARFRUIT,5009,1,5008.0,26.0,0.0,0.0,5013,6,5015.0,28.0,0.0,0.0,5011.0,568.0,5011.7213114754095
2,90900,STARFRUIT,5009,3,5008.0,24.0,0.0,0.0,5015,24,0.0,0.0,0.0,0.0,5012.0,568.0,5011.35294117647
2,91000,STARFRUIT,5011,2,5008.0,29.0,0.0,0.0,5015,29,0.0,0.0,0.0,0.0,5013.0,568.0,5011.483333333334
2,91100,STARFRUIT,5009,2,5008.0,28.0,0.0,0.0,5015,30,0.0,0.0,0.0,0.0,5012.0,568.0,5011.533333333334
2,91200,STARFRUIT,5009,2,5008.0,24.0,0.0,0.0,5015,26,0.0,0.0,0.0,0.0,5012.0,568.0,5011.538461538462
2,91300,STARFRUIT,5013,1,5008.0,25.0,0.0,0.0,5015,25,0.0,0.0,0.0,0.0,5014.0,568.0,5011.529411764706
2,91400,STARFRUIT,5008,30,0.0,0.0,0.0,0.0,5013,4,5015.0,30.0,0.0,0.0,5010.5,569.40966796875,5011.59375
2,91500,STARFRUIT,5008,1,5007.0,21.0,0.0,0.0,5014,22,0.0,0.0,0.0,0.0,5011.0,570.12451171875,5010.522727272727
2,91600,STARFRUIT,5008,1,5007.0,23.0,0.0,0.0,5014,24,0.0,0.0,0.0,0.0,5011.0,570.1318359375,5010.520833333333
2,91700,STARFRUIT,5008,25,0.0,0.0,0.0,0.0,5014,2,5015.0,23.0,0.0,0.0,5011.0,569.7744140625,5011.46
2,91800,STARFRUIT,5012,2,5008.0,30.0,0.0,0.0,5015,30,0.0,0.0,0.0,0.0,5013.5,569.57470703125,5011.5161290322585
2,91900,STARFRUIT,5008,30,0.0,0.0,0.0,0.0,5014,1,5015.0,29.0,0.0,0.0,5011.0,571.3359375,5011.483333333334
2,92000,STARFRUIT,5007,29,0.0,0.0,0.0,0.0,5012,1,5014.0,29.0,0.0,0.0,5009.5,579.484375,5010.525423728814
2,92100,STARFRUIT,5007,27,0.0,0.0,0.0,0.0,5014,27,0.0,0.0,0.0,0.0,5010.5,582.65625,5010.5
2,92200,STARFRUIT,5008,2,5007.0,31.0,0.0,0.0,5014,31,0.0,0.0,0.0,0.0,5011.0,580.2421875,5010.421875
2,92300,STARFRUIT,5007,28,0.0,0.0,0.0,0.0,5014,28,0.0,0.0,0.0,0.0,5010.5,582.953125,5010.5
2,92400,STARFRUIT,5007,22,0.0,0.0,0.0,0.0,5012,8,5014.0,22.0,0.0,0.0,5009.5,591.015625,5010.7307692307695
2,92500,STARFRUIT,5006,21,0.0,0.0,0.0,0.0,5011,6,5013.0,21.0,0.0,0.0,5008.5,601.8359375,5009.6875
2,92600,STARFRUIT,5007,1,5006.0,24.0,0.0,0.0,5013,25,0.0,0.0,0.0,0.0,5010.0,593.359375,5009.52
2,92700,STARFRUIT,5007,26,0.0,0.0,0.0,0.0,5013,1,5014.0,25.0,0.0,0.0,5010.0,589.3125,5010.4807692307695
2,92800,STARFRUIT,5007,22,0.0,0.0,0.0,0.0,5014,22,0.0,0.0,0.0,0.0,5010.5,586.03125,5010.5
2,92900,STARFRUIT,5008,5,5007.0,31.0,0.0,0.0,5013,1,5014.0,30.0,0.0,0.0,5010.5,588.1328125,5010.298507462687
2,93000,STARFRUIT,5006,24,0.0,0.0,0.0,0.0,5013,24,0.0,0.0,0.0,0.0,5009.5,602.1953125,5009.5
2,93100,STARFRUIT,5007,4,5006.0,27.0,0.0,0.0,5008,2,5013.0,27.0,0.0,0.0,5007.5,597.046875,5009.283333333334
2,93200,STARFRUIT,5007,1,5006.0,25.0,0.0,0.0,5013,25,0.0,0.0,0.0,0.0,5010.0,604.40625,5009.450980392156
2,93300,STARFRUIT,5006,26,0.0,0.0,0.0,0.0,5008,4,5011.0,5.0,5013.0,26.0,5007.0,602.078125,5009.524590163935
2,93400,STARFRUIT,5006,28,0.0,0.0,0.0,0.0,5013,28,0.0,0.0,0.0,0.0,5009.5,604.4765625,5009.5
2,93500,STARFRUIT,5007,26,0.0,0.0,0.0,0.0,5013,2,5014.0,24.0,0.0,0.0,5010.0,596.625,5010.461538461538
2,93600,STARFRUIT,5007,2,5006.0,20.0,0.0,0.0,5011,3,5013.0,22.0,0.0,0.0,5009.0,602.953125,5009.63829787234
2,93700,STARFRUIT,5008,2,5007.0,31.0,0.0,0.0,5013,2,5014.0,29.0,0.0,0.0,5010.5,596.921875,5010.390625
2,93800,STARFRUIT,5006,22,0.0,0.0,0.0,0.0,5013,22,0.0,0.0,0.0,0.0,5009.5,606.28125,5009.5
2,93900,STARFRUIT,5006,26,0.0,0.0,0.0,0.0,5009,4,5013.0,26.0,0.0,0.0,5007.5,605.625,5009.464285714285
2,94000,STARFRUIT,5006,30,0.0,0.0,0.0,0.0,5011,2,5013.0,30.0,0.0,0.0,5008.5,613.1171875,5009.548387096775
2,94100,STARFRUIT,5006,23,0.0,0.0,0.0,0.0,5013,23,0.0,0.0,0.0,0.0,5009.5,617.4140625,5009.5
2,94200,STARFRUIT,5006,2,5005.0,27.0,0.0,0.0,5010,7,5012.0,29.0,0.0,0.0,5008.0,619.1953125,5008.692307692308
2,94300,STARFRUIT,5005,26,0.0,0.0,0.0,0.0,5012,26,0.0,0.0,0.0,0.0,5008.5,621.03125,5008.5
2,94400,STARFRUIT,5006,4,5005.0,20.0,0.0,0.0,5012,20,0.0,0.0,0.0,0.0,5009.0,618.72265625,5008.272727272727
2,94500,STARFRUIT,5011,1,5006.0,22.0,0.0,0.0,5013,22,0.0,0.0,0.0,0.0,5012.0,617.12109375,5009.533333333334
2,94600,STARFRUIT,5011,1,5006.0,23.0,0.0,0.0,5013,23,0.0,0.0,0.0,0.0,5012.0,614.9296875,5009.531914893617
2,94700,STARFRUIT,5006,21,0.0,0.0,0.0,0.0,5013,21,0.0,0.0,0.0,0.0,5009.5,616.453125,5009.5
2,94800,STARFRUIT,5005,23,0.0,0.0,0.0,0.0,5012,23,0.0,0.0,0.0,0.0,5008.5,622.3515625,5008.5
2,94900,STARFRUIT,5006,20,0.0,0.0,0.0,0.0,5013,20,0.0,0.0,0.0,0.0,5009.5,621.1015625,5009.5
2,95000,STARFRUIT,5011,1,5005.0,28.0,0.0,0.0,5012,28,0.0,0.0,0.0,0.0,5011.5,622.5078125,5008.543859649123
2,95100,STARFRUIT,5006,29,0.0,0.0,0.0,0.0,5013,29,0.0,0.0,0.0,0.0,5009.5,618.34375,5009.5
2,95200,STARFRUIT,5006,28,0.0,0.0,0.0,0.0,5013,28,0.0,0.0,0.0,0.0,5009.5,619.89453125,5009.5
2,95300,STARFRUIT,5006,28,0.0,0.0,0.0,0.0,5013,28,0.0,0.0,0.0,0.0,5009.5,613.25390625,5009.5
2,95400,STARFRUIT,5007,32,0.0,0.0,0.0,0.0,5013,2,5014.0,30.0,0.0,0.0,5010.0,610.6171875,5010.46875
2,95500,STARFRUIT,5007,25,0.0,0.0,0.0,0.0,5013,2,5014.0,23.0,0.0,0.0,5010.0,620.796875,5010.46
2,95600,STARFRUIT,5007,1,5006.0,24.0,0.0,0.0,5013,25,0.0,0.0,0.0,0.0,5010.0,629.390625,5009.52
2,95700,STARFRUIT,5007,2,5006.0,22.0,0.0,0.0,5011,5,5013.0,24.0,0.0,0.0,5009.0,627.3828125,5009.679245283019
2,95800,STARFRUIT,5006,29,0.0,0.0,0.0,0.0,5013,29,0.0,0.0,0.0,0.0,5009.5,631.453125,5009.5
2,95900,STARFRUIT,5007,2,5006.0,29.0,0.0,0.0,5013,29,0.0,0.0,0.0,0.0,5010.0,631.0078125,5009.416666666667
2,96000,STARFRUIT,5007,25,0.0,0.0,0.0,0.0,5014,25,0.0,0.0,0.0,0.0,5010.5,624.09375,5010.5
2,96100,STARFRUIT,5007,30,0.0,0.0,0.0,0.0,5012,6,5013.0,2.0,5014.0,28.0,5009.5,623.1875,5010.606060606061
2,96200,STARFRUIT,5007,23,0.0,0.0,0.0,0.0,5012,8,5013.0,2.0,5014.0,22.0,5009.5,623.953125,5010.745454545455
2,96300,STARFRUIT,5007,2,5006.0,20.0,0.0,0.0,5013,22,0.0,0.0,0.0,0.0,5010.0,625.203125,5009.545454545455
2,96400,STARFRUIT,5007,2,5006.0,26.0,0.0,0.0,5013,28,0.0,0.0,0.0,0.0,5010.0,629.4921875,5009.535714285715
2,96500,STARFRUIT,5007,23,0.0,0.0,0.0,0.0,5014,23,0.0,0.0,0.0,0.0,5010.5,617.140625,5010.5
2,96600,STARFRUIT,5011,4,5007.0,26.0,0.0,0.0,5014,26,0.0,0.0,0.0,0.0,5012.5,618.078125,5010.535714285715
2,96700,STARFRUIT,5007,26,0.0,0.0,0.0,0.0,5014,26,0.0,0.0,0.0,0.0,5010.5,624.296875,5010.5
2,96800,STARFRUIT,5007,26,0.0,0.0,0.0,0.0,5013,1,5014.0,25.0,0.0,0.0,5010.0,621.109375,5010.4807692307695
2,96900,STARFRUIT,5012,1,5007.0,2.0,5006.0,24.0,5013,26,0.0,0.0,0.0,0.0,5012.5,627.1484375,5009.584905660377
2,97000,STARFRUIT,5007,28,0.0,0.0,0.0,0.0,5012,3,5014.0,28.0,0.0,0.0,5009.5,585.0,5010.576271186441
2,97100,STARFRUIT,5007,23,0.0,0.0,0.0,0.0,5013,1,5014.0,22.0,0.0,0.0,5010.0,585.0,5010.478260869565
2,97200,STARFRUIT,5007,23,0.0,0.0,0.0,0.0,5014,23,0.0,0.0,0.0,0.0,5010.5,585.0,5010.5
2,97300,STARFRUIT,5007,24,0.0,0.0,0.0,0.0,5014,24,0.0,0.0,0.0,0.0,5010.5,585.0,5010.5
2,97400,STARFRUIT,5007,24,0.0,0.0,0.0,0.0,5014,24,0.0,0.0,0.0,0.0,5010.5,585.0,5010.5
2,97500,STARFRUIT,5008,23,0.0,0.0,0.0,0.0,5015,23,0.0,0.0,0.0,0.0,5011.5,585.0,5011.5
2,97600,STARFRUIT,5012,2,5007.0,26.0,0.0,0.0,5014,26,0.0,0.0,0.0,0.0,5013.0,585.0,5010.555555555556
2,97700,STARFRUIT,5007,25,0.0,0.0,0.0,0.0,5008,1,5014.0,25.0,0.0,0.0,5007.5,587.71484375,5010.450980392156
2,97800,STARFRUIT,5008,30,0.0,0.0,0.0,0.0,5015,30,0.0,0.0,0.0,0.0,5011.5,589.30078125,5011.5
2,97900,STARFRUIT,5008,23,0.0,0.0,0.0,0.0,5015,23,0.0,0.0,0.0,0.0,5011.5,589.41162109375,5011.5
2,98000,STARFRUIT,5008,28,0.0,0.0,0.0,0.0,5015,28,0.0,0.0,0.0,0.0,5011.5,589.61572265625,5011.5
2,98100,STARFRUIT,5009,1,5008.0,29.0,0.0,0.0,5015,29,0.0,0.0,0.0,0.0,5012.0,589.76953125,5011.457627118644
2,98200,STARFRUIT,5008,22,0.0,0.0,0.0,0.0,5015,22,0.0,0.0,0.0,0.0,5011.5,589.5185546875,5011.5
2,98300,STARFRUIT,5009,25,0.0,0.0,0.0,0.0,5010,5,5015.0,1.0,5016.0,24.0,5009.5,588.93994140625,5012.254545454545
2,98400,STARFRUIT,5009,20,0.0,0.0,0.0,0.0,5016,20,0.0,0.0,0.0,0.0,5012.5,600.650390625,5012.5
2,98500,STARFRUIT,5010,1,5009.0,20.0,0.0,0.0,5014,6,5016.0,21.0,0.0,0.0,5012.0,602.478515625,5012.708333333333
2,98600,STARFRUIT,5010,26,0.0,0.0,0.0,0.0,5017,26,0.0,0.0,0.0,0.0,5013.5,604.1015625,5013.5
2,98700,STARFRUIT,5010,25,0.0,0.0,0.0,0.0,5016,1,5017.0,24.0,0.0,0.0,5013.0,603.96484375,5013.48
2,98800,STARFRUIT,5010,29,0.0,0.0,0.0,0.0,5017,29,0.0,0.0,0.0,0.0,5013.5,604.7421875,5013.5
2,98900,STARFRUIT,5016,1,5010.0,22.0,0.0,0.0,5017,22,0.0,0.0,0.0,0.0,5016.5,606.955078125,5013.555555555556
2,99000,STARFRUIT,5011,26,0.0,0.0,0.0,0.0,5018,26,0.0,0.0,0.0,0.0,5014.5,610.4150390625,5014.5
2,99100,STARFRUIT,5012,31,0.0,0.0,0.0,0.0,5018,1,5019.0,30.0,0.0,0.0,5015.0,612.068359375,5015.4838709677415
2,99200,STARFRUIT,5011,20,0.0,0.0,0.0,0.0,5018,20,0.0,0.0,0.0,0.0,5014.5,609.76953125,5014.5
2,99300,STARFRUIT,5011,24,0.0,0.0,0.0,0.0,5018,24,0.0,0.0,0.0,0.0,5014.5,609.775390625,5014.5
2,99400,STARFRUIT,5010,27,0.0,0.0,0.0,0.0,5016,2,5018.0,27.0,0.0,0.0,5013.0,635.96875,5014.071428571428
2,99500,STARFRUIT,5010,24,0.0,0.0,0.0,0.0,5017,24,0.0,0.0,0.0,0.0,5013.5,624.0,5013.5
2,99600,STARFRUIT,5010,30,0.0,0.0,0.0,0.0,5017,30,0.0,0.0,0.0,0.0,5013.5,624.0,5013.5
2,99700,STARFRUIT,5010,30,0.0,0.0,0.0,0.0,5011,1,5017.0,30.0,0.0,0.0,5010.5,624.0,5013.459016393443
2,99800,STARFRUIT,5011,2,5010.0,26.0,0.0,0.0,5015,6,5017.0,28.0,0.0,0.0,5013.0,624.0,5013.677419354839
2,99900,STARFRUIT,5011,7,5010.0,21.0,0.0,0.0,5017,21,0.0,0.0,0.0,0.0,5014.0,624.0,5013.142857142857
